TimeElapsed(s),GazeX,GazeY,PlayerScore
1.98326,-447.4354,1265.764,0
2.015561,-437.1282,1325.37,0
2.050515,-209.9753,1368.026,0
2.08092,-225.914,1450.85,0
2.113924,-515.2339,1592.215,0
2.148186,-563.4996,1642.379,0
2.180474,-313.2792,1661.182,0
2.216755,-313.3616,1686.909,0
2.249097,-546.4366,1743.709,0
2.283241,-929.7003,1840.081,0
2.314457,-215.7891,1663.79,0
2.351982,-81.28423,1424.32,0
2.384044,84.21718,1082.681,0
2.413673,148.5822,935.1321,0
2.448767,216.306,812.9065,0
2.482305,233.5398,824.1373,0
2.513452,585.3183,775.5945,0
2.548731,1307.546,677.5695,0
2.588558,1691.165,640.1614,0
2.615023,1703.539,623.9258,0
2.649391,1700.278,607.8209,0
2.684262,1694.081,594.4634,0
2.717357,1678.214,604.4326,0
2.751009,1634.441,583.98,0
2.784886,1616.66,563.7475,0
2.815646,1603.396,546.9917,0
2.848309,1594.163,517.2983,0
2.881873,1588.472,488.7542,0
2.915774,1576.629,486.6374,0
2.951111,1558.467,479.8204,0
2.981394,1541.545,457.2442,0
3.015148,1517.785,441.981,0
3.051076,1500.591,437.4161,0
3.083617,1500.591,437.4161,0
3.114024,1500.591,437.4161,0
3.150449,1500.591,437.4161,0
3.180084,277.5033,53.72012,0
3.216294,373.8368,217.6416,0
3.251079,358.9628,290.1238,0
3.280697,292.3375,389.7466,0
3.314156,285.2428,407.2171,0
3.351877,336.2249,352.3589,0
3.383697,316.3397,336.9016,0
3.41689,742.9481,289.1126,0
3.449297,980.0413,294.8143,0
3.483938,949.1332,310.7328,0
3.513902,947.0999,334.7576,0
3.547182,926.4048,353.5907,0
3.58353,919.6456,356.1909,0
3.616067,900.5063,358.0481,0
3.646707,899.4341,390.9894,0
3.680076,893.2841,407.0697,0
3.716113,857.2702,421.9864,0
3.748891,809.6533,443.1407,0
3.784652,783.835,457.6869,0
3.820786,751.3404,445.7703,0
3.847948,718.9105,447.533,0
3.884456,685.5316,468.1004,0
3.913971,679.3434,462.8612,0
3.950566,661.5901,443.4857,0
3.983819,635.4195,427.9301,0
4.013946,618.1046,415.5862,0
4.047789,603.4043,412.0266,0
4.085079,532.3986,420.9713,0
4.114331,495.1692,453.3883,0
4.150542,471.0645,468.2683,0
4.183296,331.6172,457.4942,0
4.21804,198.4732,458.8911,0
4.246807,200.3853,471.4149,0
4.281654,170.6135,452.9643,0
4.315817,161.4153,434.5477,0
4.353449,169.0331,424.4406,0
4.385805,207.9013,238.5818,0
4.41884,241.0525,58.03131,0
4.447887,241.0525,58.03131,0
4.480934,241.0525,58.03131,0
4.516957,2579.702,992.6745,0
4.550087,1625.39,821.3752,0
4.584371,865.8898,681.0697,0
4.614707,322.6627,562.9474,0
4.648679,248.0641,529.045,0
4.682577,261.8525,525.3381,0
4.714002,264.0401,517.8991,0
4.751974,263.6279,527.806,0
4.783289,262.4988,532.823,0
4.817498,271.2534,549.8675,0
4.850238,283.2065,558.8984,0
4.883046,277.9546,560.2116,0
4.916613,276.9619,561.9797,0
4.951401,296.6955,557.5388,0
4.981556,313.0602,546.1323,0
5.013831,581.2815,417.549,0
5.049119,897.7243,184.9039,0
5.08305,876.5814,193.7843,0
5.116354,855.3799,197.9746,0
5.149086,846.767,189.046,0
5.180847,835.0383,157.3077,0
5.214371,861.5573,171.3194,0
5.246768,867.9615,193.0892,0
5.283289,875.382,193.3978,0
5.316407,923.0894,228.1969,0
5.348871,942.4638,263.7215,0
5.383479,927.1622,283.7505,0
5.41643,896.7437,287.0038,0
5.448547,938.7257,283.0274,0
5.481593,1312.128,282.2784,0
5.515355,1628.946,308.9233,0
5.548986,1640.359,316.1614,0
5.582559,1621.81,314.9482,0
5.617205,1620.508,307.5774,0
5.647041,1626.468,294.7556,0
5.684881,1620.358,317.1078,0
5.713477,1614.321,318.4292,0
5.74892,1634.104,315.3082,0
5.783907,1633.579,304.2909,0
5.817333,1626.588,323.0546,0
5.8506,1624.874,355.2604,0
5.884399,1624.874,355.2604,0
5.914415,1624.874,355.2604,0
5.947728,1624.874,355.2604,0
5.980571,1182.361,-312.4331,0
6.01693,1395.84,143.9072,0
6.049466,1412.334,230.9422,0
6.083541,1386.078,194.5703,0
6.114083,1393.43,194.2435,0
6.148389,1389.932,183.4936,0
6.18109,1402.888,171.1824,0
6.213627,1401.705,174.1233,0
6.250817,1409.219,216.1187,0
6.28248,1588.519,235.4651,0
6.315703,1737.133,205.5844,0
6.348159,1750.276,240.5557,0
6.380148,1748.613,254.6173,0
6.417344,1734.362,249.6147,0
6.449348,1715.952,252.9464,0
6.48437,1719.256,255.1969,0
6.513429,1702.644,266.5117,0
6.550617,1587.285,253.735,0
6.584484,1483.168,231.1836,0
6.618384,1427.89,217.5005,0
6.647235,1427.89,217.5005,0
6.683868,1401.763,211.4904,0
6.715711,1222.159,227.2642,0
6.749279,694.1633,259.6588,0
6.782936,362.7735,277.8502,0
6.817343,386.9571,267.0807,0
6.851322,376.2773,252.1097,0
6.881989,361.8725,245.3037,0
6.915362,368.5937,261.146,0
6.946805,374.8488,256.5709,0
6.982018,382.8422,271.9012,0
7.0158,374.9323,278.6702,0
7.050275,367.1854,265.6177,0
7.085011,362.8165,272.5488,0
7.114406,353.6291,280.3928,0
7.14987,340.0653,269.6823,0
7.184421,347.0465,270.5881,0
7.214236,342.7935,261.9632,0
7.24848,327.5214,277.2185,0
7.283242,303.7234,268.1306,0
7.317838,308.976,296.1253,0
7.348193,308.8403,336.0465,0
7.383112,314.553,343.8942,0
7.418023,315.886,335.119,0
7.447471,305.6778,319.5582,0
7.483939,293.5786,302.6612,0
7.514489,275.3121,304.1068,0
7.54924,260.0721,317.7591,0
7.583933,223.4941,334.9515,0
7.614575,208.5239,330.398,0
7.650865,200.2803,329.732,0
7.682061,202.4331,328.6215,0
7.715355,204.7505,330.766,0
7.748207,200.5165,333.7849,0
7.780058,192.9983,331.0276,0
7.817113,196.0232,328.6046,0
7.849949,214.044,339.2372,0
7.882179,227.8066,350.7069,0
7.915304,327.0846,366.5526,0
7.948292,1422.893,390.4491,0
7.982641,1548.596,391.8607,0
8.017034,1407.125,216.1029,0
8.050723,1171.267,-73.77895,0
8.080374,1115.809,-224.1399,0
8.116202,1641.496,520.7775,0
8.146915,1522.997,173.3991,0
8.180665,1413.086,325.9164,0
8.217094,1326.07,457.4658,0
8.253166,1500.376,334.9364,0
8.283517,1553.822,403.6109,0
8.314219,1553.822,403.6109,0
8.348958,1553.822,403.6109,0
8.385057,1553.822,403.6109,0
8.415031,1553.822,403.6109,0
8.449495,928.3311,-1578.155,0
8.48451,803.8863,-658.6477,0
8.515387,592.6605,366.1535,0
8.549491,336.5349,265.18,0
8.583812,271.809,335.3978,0
8.615945,279.619,347.3961,0
8.649677,252.5744,391.1013,0
8.682334,255.1869,404.4995,0
8.715073,292.6183,408.2633,0
8.747275,304.4549,404.8144,0
8.784763,729.4496,465.4597,0
8.814453,1373.947,551.7427,0
8.851532,1553.658,571.2252,0
8.880727,1523.956,577.1976,0
8.915821,1533.451,590.8687,0
8.94816,1531.848,588.8377,0
8.984601,1527.463,582.0725,0
9.017699,1537.121,577.377,0
9.050478,1555.071,572.4078,0
9.084553,1662.784,519.1884,0
9.118017,1770.045,473.3753,0
9.147536,1754.142,462.4335,0
9.181969,1747.248,459.7085,0
9.21518,1756.728,477.3957,0
9.249681,1756.109,468.9699,0
9.281343,1754.812,464.7544,0
9.314759,1742.6,464.7187,0
9.35122,1729.157,469.2292,0
9.383457,1610.515,487.5039,0
9.41525,1425.134,502.3635,0
9.448645,1362.247,504.0236,0
9.481483,1358.862,505.5386,0
9.514672,1329.686,507.0688,0
9.54746,1290.119,517.6123,0
9.580141,1251.469,537.1509,0
9.613623,1210.368,547.7741,0
9.647643,1154.359,554.4927,0
9.680799,1110.196,540.4767,0
9.716295,1090.181,538.0306,0
9.749913,1079.749,543.3949,0
9.78416,1049.183,547.4814,0
9.813382,1025.688,559.0847,0
9.850365,776.0992,624.569,0
9.882126,606.3088,656.179,0
9.915127,595.5554,668.4436,0
9.948312,568.5537,669.2957,0
9.981797,537.3589,678.8992,0
10.01439,511.7266,682.4851,0
10.04847,478.8106,680.9484,0
10.08195,450.9363,691.6102,0
10.11446,446.8069,703.6607,0
10.14924,435.7585,744.4449,0
10.18156,335.1579,820.8721,0
10.21881,320.2093,822.1096,0
10.24841,297.9077,807.8081,0
10.28112,279.7903,801.2985,0
10.31377,272.8614,778.5245,0
10.35063,266.1349,751.6381,0
10.38148,250.7864,729.9968,0
10.41386,229.0693,731.4663,0
10.45146,202.9726,736.3016,0
10.48344,200.4524,725.517,0
10.51761,114.5,654.6742,0
10.54981,101.706,619.757,0
10.58245,93.85741,610.3591,0
10.615,78.10413,637.6531,0
10.64901,88.40914,669.5067,0
10.68379,106.908,663.0136,0
10.71424,106.5698,649.4808,0
10.74916,84.14292,641.3876,0
10.7817,73.19509,635.3531,0
10.81455,307.2375,605.0274,0
10.84874,678.1713,582.7648,0
10.88422,642.6774,614.2074,0
10.91872,586.625,718.7885,0
10.94951,508.0041,871.1435,0
10.98244,475.0408,954.7759,0
11.01708,461.3929,972.452,0
11.04716,445.1206,993.1139,0
11.082,434.8284,1031.012,0
11.11645,425.5226,1027.176,0
11.1478,393.7787,1007.219,0
11.18073,358.5952,991.2964,0
11.21551,337.8026,967.3333,0
11.24702,316.5979,957.1324,0
11.28135,287.7664,937.6437,0
11.3157,258.2126,907.9268,0
11.34971,220.1941,935.8782,0
11.38278,121.1726,899.3528,0
11.41569,72.45683,900.974,0
11.45,-8.660915,637.431,0
11.48,-30.11826,794.7701,0
11.51468,-144.1891,766.6003,0
11.54972,-81.62136,804.0906,0
11.58427,367.9296,1152.086,0
11.61486,375.7385,963.3915,0
11.64959,933.558,377.1168,0
11.68002,1370.505,243.6538,0
11.71594,1635.677,204.0458,0
11.75101,1656.783,152.4345,0
11.78065,1627.638,204.6176,0
11.81576,1517.671,296.211,0
11.84786,1505.887,294.6055,0
11.88262,1489.798,276.0296,0
11.91435,1473.356,254.694,0
11.94845,1458.22,293.2926,0
11.98437,1476.684,346.6628,0
12.01719,1467.326,363.879,0
12.04834,1446.806,364.7056,0
12.08178,1449.573,340.3168,0
12.1144,1454.913,358.6764,0
12.15101,1463.534,410.9732,0
12.18372,1470.207,387.101,0
12.21758,1489.161,403.2868,0
12.25043,1528.774,418.903,0
12.28401,1566.257,424.8069,0
12.3168,1620.564,482.2925,0
12.34962,1637.685,506.3314,0
12.38019,1628.314,490.3763,0
12.41363,1633.725,486.1298,0
12.44773,1686.83,511.2241,0
12.48001,1614.466,502.7839,0
12.5155,1610.555,503.0826,0
12.55155,1670.641,494.0536,0
12.58086,1720.629,527.8928,0
12.61698,1732.069,569.783,0
12.65389,1718.399,552.5128,0
12.68501,1766.359,537.3464,0
12.71584,1794.496,549.0464,0
12.74909,1793.428,543.6485,0
12.78376,1809.183,535.7152,0
12.81367,1804.291,528.9387,0
12.84725,1787.67,547.9926,0
12.88289,1798.256,571.9768,0
12.9179,1823.345,572.6628,0
12.94677,1823.659,568.412,0
12.98291,1796.301,562.6682,0
13.01577,1681.245,588.9818,0
13.04743,1572.096,630.6534,0
13.08321,1436.499,690.5319,0
13.11791,1436.541,692.2768,0
13.14958,1368.011,730.181,0
13.18368,1298.157,761.4747,0
13.21375,1267.38,755.3726,0
13.24944,1111.667,821.0645,0
13.28193,935.1447,879.0189,0
13.31633,884.3,877.6158,0
13.35075,850.7023,892.201,0
13.3802,823.4023,894.8188,0
13.41342,821.0847,891.3497,0
13.44733,760.9669,903.943,0
13.48232,750.8231,901.808,0
13.5173,749.3267,901.8194,0
13.54716,746.5829,892.4656,0
13.58196,738.9265,892.4518,0
13.61659,721.6566,903.2974,0
13.64848,703.8876,893.1285,0
13.68478,643.6938,815.7139,0
13.71374,493.0837,675.7448,0
13.75083,372.9496,615.8817,0
13.78334,358.9323,618.0114,0
13.81654,305.6767,588.8162,0
13.85064,188.2361,534.1098,0
13.88534,135.8789,516.5966,0
13.91377,128.144,514.5714,0
13.95104,95.70246,505.0693,0
13.98259,91.45163,512.6738,0
14.01602,111.0062,505.6491,0
14.04838,105.0692,521.7172,0
14.0804,84.59681,503.5382,0
14.11769,57.61086,506.3901,0
14.15071,30.28666,492.2894,0
14.18269,3.526371,464.602,0
14.215,8.90935,453.4616,0
14.24778,15.64212,459.2364,0
14.28409,-16.17973,461.991,0
14.31497,-24.78981,463.8675,0
14.34861,-5.985384,468.2684,0
14.38067,-18.24677,480.78,0
14.41553,-3.508728,490.6947,0
14.44993,148.6242,476.3619,0
14.48438,469.0775,456.6858,0
14.51445,621.4287,471.4091,0
14.54912,580.5689,472.6558,0
14.58399,551.7005,432.6523,0
14.61417,484.7254,433.1741,0
14.64959,353.3089,491.4803,0
14.68367,226.2358,524.5767,0
14.71768,203.5058,538.1284,0
14.75142,208.445,529.0659,0
14.78307,197.5103,520.3746,0
14.81595,183.0609,520.8292,0
14.85092,184.6451,514.0327,0
14.88116,174.1012,514.1235,0
14.91609,163.6811,530.2144,0
14.95078,157.3194,545.8063,0
14.98096,151.9772,557.709,0
15.01527,148.4514,560.5626,0
15.05059,541.0502,614.786,0
15.08395,663.7729,659.3047,0
15.11593,672.3615,629.0765,0
15.1488,676.6747,640.3065,0
15.18202,684.7469,649.7574,0
15.21418,685.284,657.6635,0
15.25002,662.2135,690.668,0
15.28138,834.7401,660.9104,0
15.31455,1078.998,612.3425,0
15.34991,1127.398,598.8836,0
15.38433,1131.142,609.9237,0
15.41713,1128.989,618.1318,0
15.44993,1117.475,631.6769,0
15.48308,1113.34,643.979,0
15.51584,1140.94,654.9998,0
15.54772,1158.699,635.0689,0
15.58477,1142.589,600.9046,0
15.61692,1141.809,611.7904,0
15.64972,1170.465,611.3315,0
15.68325,1185.641,617.5395,0
15.7159,1184.967,618.3098,0
15.75028,1203.125,621.3752,0
15.78344,1417.273,570.6567,0
15.81665,1644.813,514.9244,0
15.84843,1651.621,513.4625,0
15.88111,1652.11,497.7119,0
15.91338,1668.068,467.6532,0
15.95053,1658.006,477.6875,0
15.9831,1636.257,478.3996,0
16.01582,1626.135,493.5865,0
16.04965,1622.763,505.3984,0
16.08343,1564.8,488.5872,0
16.11402,1402.827,464.2613,0
16.14899,1201.21,458.0915,0
16.18354,1093.393,478.0469,0
16.2153,1076.244,469.4242,0
16.24799,1056.579,469.1212,0
16.28089,1009.363,479.9575,0
16.31683,958.8406,469.6404,0
16.34963,925.5988,478.1358,0
16.38489,876.8409,449.6167,0
16.41364,842.3877,405.8197,0
16.44877,842.3877,405.8197,0
16.48528,842.3877,405.8197,0
16.51504,842.3877,405.8197,0
16.55033,842.3877,405.8197,0
16.58044,842.3877,405.8197,0
16.61532,842.3877,405.8197,0
16.65031,842.3877,405.8197,0
16.68014,842.3877,405.8197,0
16.71457,842.3877,405.8197,0
16.7491,842.3877,405.8197,0
16.78432,-240.0824,-1691.375,0
16.81445,-240.0824,-1691.375,0
16.8508,-240.0824,-1691.375,0
16.88034,345.7901,-10.59683,0
16.91719,286.4286,57.50165,0
16.94686,131.8332,174.948,0
16.98232,207.8742,292.2162,0
17.01896,225.3155,318.3804,0
17.0507,518.4727,349.0456,0
17.08143,708.3341,368.7919,0
17.11491,641.7587,398.9231,0
17.15059,640.7265,425.0074,0
17.18446,666.6098,431.5447,0
17.21714,702.2119,444.9296,0
17.2493,815.2662,478.9967,0
17.28072,1217.762,494.4953,0
17.31388,1234.711,495.3775,0
17.35104,1254.157,502.0919,0
17.38163,1247.975,512.1714,0
17.41641,1228.729,510.7393,0
17.45007,1225.731,507.7051,0
17.48455,1248.336,506.5616,0
17.51488,1248.467,513.0711,0
17.55044,1251.863,508.3825,0
17.58297,1287.608,517.8792,0
17.61781,1259.471,525.9166,0
17.64994,1251.493,526.9375,0
17.68081,1254.174,523.0522,0
17.7142,1261.451,497.3348,0
17.74797,1272.64,491.8763,0
17.78112,1255.874,516.0292,0
17.8143,1258.648,505.9873,0
17.84794,1271.743,497.2491,0
17.88439,1423.417,454.4006,0
17.91642,1551.849,420.4054,0
17.94877,1534.68,413.3437,0
17.98192,1294.573,192.2725,0
18.01819,413.9571,-446.8761,0
18.0502,413.9571,-446.8761,0
18.08185,458.2019,508.3959,0
18.11669,610.9406,594.868,0
18.1478,666.9181,595.1099,0
18.18104,702.9323,579.0742,0
18.21651,686.3903,579.0985,0
18.25011,688.8282,574.7913,0
18.28442,650.3964,578.4207,0
18.31432,629.6877,579.8865,0
18.34894,631.9892,569.0959,0
18.38382,612.2693,580.6835,0
18.41765,572.0093,572.748,0
18.44776,540.0151,557.9423,0
18.48227,528.0291,557.1947,0
18.51674,507.2168,566.6671,0
18.54747,474.1197,569.4717,0
18.58076,223.6723,596.8857,0
18.61756,176.9067,597.7806,0
18.6497,140.579,591.9735,0
18.68267,128.2983,592.9173,0
18.71563,119.715,587.4298,0
18.74966,112.5544,591.4995,0
18.78426,129.3203,610.8366,0
18.81343,146.3469,630.2079,0
18.84851,505.8681,570.034,0
18.88464,1566.558,419.6657,0
18.91764,1652.668,414.1502,0
18.94828,1616.203,444.2288,0
18.98108,1584.993,458.454,0
19.01345,1563.566,455.6849,0
19.05061,1557.266,465.062,0
19.08442,1564.621,459.4341,0
19.11687,1571.786,426.0611,0
19.14954,1570.57,414.4253,0
19.18185,1572.409,427.4544,0
19.21606,1585.139,435.4533,0
19.25071,1575.432,449.497,0
19.2804,1568.514,461.1988,0
19.31546,1583.227,472.3042,0
19.34802,1581.618,482.6273,0
19.38061,1585.424,489.5526,0
19.41675,1599.348,495.4548,0
19.45006,1636.038,520.7536,0
19.48472,1654.095,506.2769,0
19.5137,1632.055,472.3062,0
19.55025,1629.345,479.2605,0
19.58412,1625.447,484.9135,0
19.61853,1596.393,491.7632,0
19.64864,1581.449,498.1951,0
19.68023,1569.379,514.8281,0
19.71527,1378.579,519.9603,0
19.74726,1180.387,523.6313,0
19.78409,1032.915,558.4395,0
19.81629,841.6517,594.177,0
19.84888,751.5052,606.173,0
19.88084,736.847,615.6683,0
19.91571,703.466,629.7424,0
19.94763,676.1047,638.4564,0
19.98204,675.1176,639.204,0
20.01827,651.9022,638.9167,0
20.04672,622.4974,636.4179,0
20.08068,601.9703,619.5049,0
20.11835,562.938,596.7997,0
20.15141,479.6421,569.2551,0
20.18199,476.7407,572.3853,0
20.21566,444.3409,584.0103,0
20.2507,396.8882,609.3036,0
20.28407,369.8606,658.556,0
20.31507,340.0294,701.6991,0
20.35054,300.0321,732.3141,0
20.38377,268.137,765.0344,0
20.41549,269.4197,793.038,0
20.44801,265.864,769.1612,0
20.48049,252.0666,731.2248,0
20.517,237.4267,743.3019,0
20.55022,230.0723,735.791,0
20.58254,248.1664,699.5378,0
20.61547,251.4336,716.9713,0
20.64759,376.5778,704.9604,0
20.68396,930.5746,713.2363,0
20.71713,1347.481,749.2598,0
20.74904,1342.758,749.3772,0
20.78205,1338.883,753.4854,0
20.81392,1341.168,741.4327,0
20.84776,1353.893,745.6279,0
20.88585,1359.493,746.5051,0
20.91654,1423.404,742.8365,0
20.95129,1634.531,785.3575,0
20.9805,1790.153,815.8847,0
21.01698,1793.97,800.3441,0
21.04917,1789.211,788.9919,0
21.0814,1791.111,788.7656,0
21.11439,1788.378,791.3839,0
21.14729,1778.747,791.1129,0
21.18102,1790.89,795.4426,0
21.21541,1790.036,808.4114,0
21.25099,1788.416,796.4974,0
21.28196,1784.68,796.7504,0
21.31453,1781.059,807.0458,0
21.35005,1768.949,817.2919,0
21.38361,1764.572,820.6839,0
21.42035,1526.903,790.8163,0
21.44797,1526.903,790.8163,0
21.483,1402.151,772.9536,0
21.51575,1315.608,780.4113,0
21.54949,1075.122,828.0404,0
21.58436,892.5567,870.4011,0
21.6151,845.8528,879.6039,0
21.64967,811.2134,887.8137,0
21.68126,795.3978,902.3122,0
21.71336,773.1456,911.9495,0
21.74807,735.621,893.8681,0
21.78362,661.0174,883.4048,0
21.81678,637.4545,880.1849,0
21.84727,605.4469,896.3301,0
21.88136,559.6943,903.463,0
21.91609,515.6456,927.2253,0
21.95083,356.7359,893.6118,0
21.98444,206.1319,822.5929,0
22.01481,196.4865,802.3867,0
22.04999,169.8509,802.1296,0
22.08394,141.9102,799.176,0
22.1143,116.3946,798.6991,0
22.14892,115.5601,803.5062,0
22.18324,120.2495,821.1781,0
22.21779,128.6903,830.4004,0
22.24812,125.0764,832.8361,0
22.2845,121.3624,826.392,0
22.31591,183.4555,820.6078,0
22.34804,518.9341,858.3784,0
22.38279,798.8561,891.0309,0
22.41346,816.0527,894.6351,0
22.44956,845.4419,896.2446,0
22.48264,872.8466,905.5551,0
22.51754,897.2267,908.5731,0
22.5501,926.5997,899.7594,0
22.58394,1197.853,899.6005,0
22.61868,1460.093,892.7817,0
22.64741,1486,878.2468,0
22.68211,1504.131,877.2738,0
22.71655,1512.146,880.8998,0
22.75153,1524.68,882.431,0
22.7811,1542.098,874.2994,0
22.81595,1556.47,874.2952,0
22.84674,1550.91,871.6456,0
22.88062,1546.166,859.3055,0
22.91539,1551.529,856.2287,1
22.95122,1562.886,873.2473,1
22.98087,1567.989,882.1573,1
23.01386,1566.491,870.0126,1
23.04967,1549.484,869.7783,1
23.08329,1550.637,880.9785,1
23.11829,1556.573,879.8528,1
23.15123,1550.687,868.7416,1
23.18174,1527.567,853.6039,1
23.21488,1536.551,868.9962,1
23.2504,1291.949,798.4175,1
23.28384,798.2199,630.763,1
23.31614,571.8929,554.7637,1
23.35019,555.6791,563.9462,1
23.38386,531.3047,544.0944,1
23.41783,528.5541,546.9123,1
23.4502,519.5381,554.3427,1
23.48016,509.5913,541.2372,1
23.51461,489.7703,524.6495,1
23.54901,479.4971,528.7888,1
23.58378,497.0468,569.2292,1
23.61416,364.3017,606.5071,1
23.65138,214.3744,449.2111,1
23.68416,-164.1609,-177.9515,1
23.71765,-221.3961,-36.79034,1
23.74956,-332.6398,-251.6895,1
23.78254,-543.9008,-296.4843,1
23.81442,-198.5099,-314.368,1
23.84694,-270.1147,-241.0359,1
23.88096,-454.9865,-41.06612,1
23.91389,-369.3125,-87.11909,1
23.94672,-374.0408,-179.3032,1
23.98231,-389.0606,-32.42829,1
24.01766,-21.60393,-83.01312,1
24.04723,-261.3893,212.7383,1
24.08096,-261.3893,212.7383,1
24.11683,84.94869,483.2648,1
24.14996,92.07794,465.8173,1
24.18423,100.0556,450.3628,1
24.21342,101.3149,435.3372,1
24.2481,95.50568,418.9785,1
24.28341,91.06815,416.2278,1
24.31774,104.2266,423.9166,1
24.35028,128.2727,466.4104,1
24.38495,346.5564,437.1548,1
24.41714,567.3688,391.0506,1
24.44908,588.5828,351.6162,1
24.48423,602.7061,314.6625,1
24.51655,582.4279,318.3484,1
24.55154,574.3843,308.1796,1
24.58043,604.1564,239.6047,1
24.61734,588.1594,144.282,1
24.6505,532.918,50.76939,1
24.68303,444.141,-71.26067,1
24.71546,274.0718,-111.9818,1
24.74768,296.5467,-53.25515,1
24.78057,427.0148,-97.5479,1
24.81728,388.0103,-164.0625,1
24.85041,450.7299,-160.3756,1
24.88394,260.9386,-55.18158,1
24.91675,293.1391,-42.94015,1
24.95047,589.4603,-62.38106,1
24.98023,626.9962,58.87344,1
25.01464,588.8694,259.9675,1
25.05118,587.5121,273.1953,1
25.08486,480.8446,313.494,1
25.11782,316.3152,323.2795,1
25.14809,246.9916,321.022,1
25.1815,268.9477,337.0803,1
25.21502,273.7058,338.0327,1
25.24802,274.3228,341.5734,1
25.28251,287.3031,336.9969,1
25.31702,290.8074,322.6334,1
25.35326,277.65,296.6152,1
25.3831,262.2289,317.4479,1
25.4155,280.0074,329.0057,1
25.44818,287.9,322.6645,1
25.48124,274.9743,326.8277,1
25.51447,259.8292,319.5872,1
25.5501,226.6515,327.6069,1
25.58127,243.971,331.4711,1
25.6147,273.9576,335.8997,1
25.64771,259.7097,346.1565,1
25.68144,259.7097,346.1565,1
25.71916,259.7097,346.1565,1
25.7501,259.7097,346.1565,1
25.78036,324.4896,-204.6193,1
25.81705,33.83965,-106.2778,1
25.85147,70.93719,-3.383446,1
25.88173,181.6597,52.04887,1
25.91445,183.1382,123.4158,1
25.94865,147.5089,176.5791,1
25.98378,148.674,157.7956,1
26.01375,160.739,174.8913,1
26.05022,177.4613,202.1709,1
26.08373,464.6537,229.6529,1
26.11843,1051.228,313.9023,1
26.15057,1341.388,382.1648,1
26.18302,1320.287,391.2124,1
26.21779,1301.227,384.1758,1
26.24752,1289.871,399.2257,1
26.28073,1275.361,422.2898,1
26.3146,1355.613,458.0234,1
26.34925,1595.243,484.5036,1
26.38291,1757.957,496.5552,1
26.41593,1746.163,509.7645,1
26.44832,1764.349,525.6927,1
26.48023,1817.347,570.5165,1
26.51755,1888.164,598.9613,1
26.55038,1889.231,601.3002,1
26.58131,1837.359,631.3179,1
26.6153,1384.618,877.9205,1
26.64724,722.116,1127.441,1
26.68173,543.9078,1232.387,1
26.71727,582.8735,1278.66,1
26.7471,613.3027,1324.455,1
26.78521,629.3663,1353.359,1
26.81404,520.9795,1398.597,1
26.84863,547.6486,1460.548,1
26.88233,688.6299,1532.245,1
26.9177,680.0683,1630.099,1
26.9474,557.8948,1665.472,1
26.98079,452.338,1737.758,1
27.01353,596.399,1783.532,1
27.04993,585.8552,1766.649,1
27.0806,316.05,1693.565,1
27.11365,194.2753,1557.612,1
27.14879,289.7866,1254.737,1
27.18175,497.3619,820.6226,1
27.21636,669.4916,585.4703,1
27.24759,786.3497,630.0895,1
27.28134,657.9235,524.1091,1
27.31628,592.7868,466.6629,1
27.35102,412.6906,397.056,1
27.38126,314.2986,350.8839,1
27.41565,327.8992,323.2936,1
27.44823,336.9592,300.323,1
27.48132,345.4222,314.0706,1
27.51398,365.4445,362.3749,1
27.54827,474.3661,620.8751,1
27.58331,522.9016,869.7771,1
27.61657,512.1173,871.7193,1
27.64954,511.3165,865.9902,1
27.6829,502.4022,855.4783,1
27.71634,485.3315,844.6563,1
27.75024,470.6713,833.0146,1
27.78423,455.6579,831.7383,1
27.81657,449.7127,835.2932,1
27.84849,437.7561,825.5142,1
27.88147,417.7024,829.3406,1
27.91347,381.3055,838.6532,1
27.9501,368.5197,846.2989,1
27.98321,358.652,847.8625,1
28.01646,348.29,846.111,1
28.0511,335.3055,849.1125,1
28.08392,324.6357,859.164,1
28.11758,309.3288,861.9001,1
28.1473,294.4246,879.5583,1
28.18287,283.0096,886.306,1
28.21761,249.4482,894.0627,1
28.25185,238.3672,901.0175,1
28.28015,241.7723,898.304,1
28.31623,254.6379,880.6823,1
28.34812,244.9648,881.5634,1
28.38112,231.483,885.5268,1
28.41359,243.9196,869.9434,1
28.45129,401.3937,813.3961,1
28.48056,850.6233,685.7676,1
28.51491,1452.969,523.2252,1
28.54844,1834.911,427.9344,1
28.58207,1810.768,431.9524,1
28.6158,1667.33,471.3223,1
28.64907,1556.123,513.509,1
28.68097,1555.18,527.7639,1
28.71741,1543.403,525.6065,1
28.75047,1539.075,519.7354,1
28.78264,1524.662,520.0807,1
28.81531,1520.44,515.0806,1
28.8475,1537.408,546.6702,1
28.88142,1780.55,760.165,1
28.91441,1776.923,770.8356,1
28.95094,1776.232,770.7881,1
28.98054,1776.026,765.1637,1
29.01359,1769.302,767.8559,1
29.04736,1776.267,777.705,1
29.08084,1778.294,771.8829,1
29.11404,1777.46,766.0189,1
29.14968,1775.558,761.1149,1
29.18082,1761.693,748.5728,1
29.21385,1761.468,725.8336,1
29.24987,1757.432,711.4767,1
29.28019,1783.906,657.775,1
29.31489,1816.531,613.78,1
29.34938,1822.86,608.1849,1
29.38478,1821.271,609.7122,1
29.41432,1827.156,605.9812,1
29.44891,1820.554,592.1509,1
29.48355,1812.337,589.4377,1
29.51408,1823.272,581.9905,1
29.55077,1825.54,578.4144,1
29.58307,1832.235,573.7978,1
29.61898,1836.006,579.8518,1
29.65071,1830.641,569.4535,1
29.68392,1832.278,563.9049,1
29.71483,1817.967,519.9355,1
29.74896,1795.042,449.9844,1
29.78086,1780.649,425.6048,1
29.81468,1762.429,415.1628,1
29.84925,1763.935,411.7406,1
29.88339,1770.885,410.5435,1
29.91556,1780.53,422.9932,1
29.94823,1784.897,433.6014,1
29.98195,1778.811,429.1566,1
30.01558,1771.537,416.3911,1
30.05011,1768.767,419.219,1
30.08132,1630.758,404.5111,1
30.11937,1450.474,371.2045,1
30.14887,1450.474,371.2045,1
30.18553,1439.396,360.8986,1
30.21711,1426.598,363.2065,1
30.24917,1413.071,358.8197,1
30.28355,1402.713,350.4385,1
30.3143,1396.173,348.0652,1
30.34774,1392.15,361.7959,1
30.38181,1385.33,361.22,1
30.41732,1372.087,363.8824,1
30.44701,1354.313,369.8984,1
30.48295,1219.859,367.2992,1
30.51765,1078.908,353.6863,1
30.54839,1073.39,357.5739,1
30.58246,1073.971,360.6699,1
30.61637,1051.346,359.7943,1
30.65148,1026.175,357.5728,1
30.68019,1009.992,361.7723,1
30.71437,995.1501,374.1434,1
30.74909,976.057,374.4341,1
30.78058,964.4913,371.7443,1
30.81649,755.9031,427.8255,1
30.84667,563.4456,491.6652,1
30.88308,529.4733,521.2484,1
30.9151,508.8526,546.4423,1
30.9474,484.3914,576.0546,1
30.98115,484.0892,595.131,1
31.01457,479.4875,607.9072,1
31.04696,463.8099,589.1389,1
31.08407,455.8304,562.5818,1
31.11428,438.1725,579.7121,1
31.14972,413.2502,631.4227,1
31.18248,406.6332,633.707,1
31.21508,397.8098,629.4385,1
31.24698,385.1135,632.4909,1
31.28495,389.4446,647.8738,1
31.31358,374.8737,659.2486,1
31.34796,354.0977,657.0317,1
31.38233,353.8921,666.6709,1
31.41517,341.0774,679.7324,1
31.44753,326.961,673.0981,1
31.48432,299.954,675.8922,1
31.51619,511.0716,684.8679,1
31.54863,962.7483,728.1693,1
31.58158,1195.388,736.5637,1
31.61389,1178.664,737.6279,1
31.64876,1167.403,743.8822,1
31.68238,1172.4,743.1924,1
31.7146,1176.309,747.4863,1
31.74791,1172.229,748.4469,1
31.78511,1156.943,780.785,1
31.81726,1157.728,768.5862,1
31.85013,1152.933,761.7572,1
31.88177,1141.875,768.3782,1
31.91464,1145.865,775.4251,1
31.95175,1145.247,783.5255,1
31.98119,1138.647,791.1705,1
32.01752,1140.51,792.725,1
32.04743,1138.375,788.319,1
32.0806,1143.618,793.6122,1
32.11692,1154.687,813.332,1
32.14794,1161.158,805.2742,1
32.18413,1152.762,794.287,1
32.21626,1142.87,796.0298,1
32.2476,1145.126,807.5354,1
32.28078,1154.805,811.277,1
32.31865,1159.855,806.3861,1
32.35141,1150.571,805.0715,1
32.38347,1159.627,809.2905,1
32.41642,1223.036,785.1942,1
32.44765,1426.191,703.4403,1
32.48093,1598.013,625.8947,1
32.5145,1601.303,627.7385,1
32.54782,1592.939,616.4916,1
32.58413,1582.255,603.6576,1
32.61378,1590.57,612.8337,1
32.65154,1596.191,607.9019,1
32.68293,1604.796,603.6858,1
32.7167,1612.039,613.2418,1
32.74824,1645.663,615.1375,1
32.78045,1661.483,598.0206,1
32.81553,1630.48,586.5726,1
32.85048,1627.246,593.5247,1
32.88321,1648.077,596.1566,1
32.9147,1657.427,603.1204,1
32.94913,1662.144,613.9836,1
32.98317,1664.733,600.481,1
33.01511,1664.522,594.8508,1
33.05035,1665.676,587.8058,1
33.08447,1662.796,586.4485,1
33.11444,1660.838,590.1486,1
33.14822,1658.485,587.5662,1
33.18327,1656.104,583.2999,2
33.21527,1660.248,590.303,2
33.24888,1664.666,593.4192,2
33.28184,1660.562,594.5917,2
33.31457,1373.208,582.4522,2
33.35128,616.1138,542.2858,2
33.38499,660.4833,550.6608,2
33.4147,683.5914,545.1618,2
33.44987,701.2875,534.7333,2
33.48082,712.2265,542.1137,2
33.51788,719.6537,544.3428,2
33.54972,781.9398,531.4634,2
33.58385,988.247,495.226,2
33.61362,1120.599,487.0701,2
33.64961,1105.279,495.9593,2
33.68451,1115.194,473.4821,2
33.71772,1121.088,479.4182,2
33.74925,1127.819,479.4198,2
33.78035,1140.013,466.6218,2
33.8167,1134.327,472.2975,2
33.85075,1127.873,479.1363,2
33.88179,1131.017,482.0514,2
33.91621,1145.468,486.0105,2
33.95057,1151.453,482.2614,2
33.98054,1143.598,472.142,2
34.01498,1286.703,422.8719,2
34.0497,1464.296,369.9351,2
34.08426,1512.257,348.7333,2
34.1143,1522.012,337.7939,2
34.14901,1531.194,339.8669,2
34.18464,1528.003,343.4174,2
34.21456,1530.191,337.1162,2
34.25051,1544.07,335.1958,2
34.28157,1547.096,331.5976,2
34.31656,1557.303,321.9634,2
34.35068,1568.449,326.9655,2
34.38441,1578.949,324.3935,2
34.41648,1586.668,310.8702,2
34.4514,1594.217,305.3971,2
34.4807,1674.082,294.2554,2
34.51833,1743.806,277.7208,2
34.55458,1737.643,273.7096,2
34.58038,1727.39,270.9,2
34.61482,1721.727,267.9976,2
34.6473,1737.844,267.3792,2
34.68102,1722.335,266.7119,2
34.71595,1716.756,256.6344,2
34.74688,1718.255,259.4688,2
34.78273,1708.711,260.9276,2
34.81412,1254.451,273.1825,2
34.8497,811.8869,296.3806,2
34.88106,811.8869,296.3806,2
34.91453,811.8869,296.3806,2
34.95003,811.8869,296.3806,2
34.98258,811.8869,296.3806,2
35.01611,811.8869,296.3806,2
35.04872,811.8869,296.3806,2
35.08223,811.8869,296.3806,2
35.11629,811.8869,296.3806,2
35.14915,811.8869,296.3806,2
35.18311,811.8869,296.3806,2
35.21597,811.8869,296.3806,2
35.24924,811.8869,296.3806,2
35.28148,811.8869,296.3806,2
35.31433,811.8869,296.3806,2
35.34814,811.8869,296.3806,2
35.38218,811.8869,296.3806,2
35.41743,811.8869,296.3806,2
35.45121,811.8869,296.3806,2
35.48391,811.8869,296.3806,2
35.51731,811.8869,296.3806,2
35.54958,746.3569,822.874,2
35.58421,746.3569,822.874,2
35.61618,1081.474,337.8631,2
35.64672,1069.406,350.5017,2
35.68222,1066.133,353.9603,2
35.71653,1065.367,368.5009,2
35.74773,1050.604,389.9602,2
35.78374,1039.355,400.1525,2
35.81637,1030.148,399.7983,2
35.85069,930.0055,497.8297,2
35.88046,819.7136,599.4118,2
35.9155,792.4438,612.4804,2
35.95105,746.264,633.1605,2
35.98345,732.8362,653.7497,2
36.01543,706.532,670.2634,2
36.0488,676.0859,686.8726,2
36.08484,653.4827,695.4048,2
36.11469,630.8204,690.4603,2
36.14999,609.6901,692.7512,2
36.18105,585.556,687.0856,2
36.21833,571.4977,682.2298,2
36.25007,564.1953,694.4681,2
36.2817,526.8676,709.7083,2
36.31796,526.8676,709.7083,2
36.34765,393.0557,867.162,2
36.38071,388.774,869.627,2
36.41385,384.7393,866.4585,2
36.44691,381.2546,868.1986,2
36.48043,383.585,869.955,2
36.51775,379.5754,873.1145,2
36.54967,366.3334,871.749,2
36.58267,357.3181,879.3777,2
36.6161,329.2994,880.0001,2
36.6484,319.5339,878.5693,2
36.68219,311.6201,882.6743,2
36.71543,301.8311,887.743,2
36.7484,293.793,891.8774,2
36.78408,289.261,889.3275,2
36.81773,276.7514,886.6242,2
36.84747,264.5663,884.4836,2
36.88262,260.7022,869.7067,2
36.91664,252.5612,865.4362,2
36.94877,251.3972,865.4957,2
36.98318,254.6058,873.5486,2
37.01798,262.1519,883.7836,2
37.04974,265.7845,884.8429,2
37.08067,270.6513,882.167,2
37.11418,269.5434,881.9266,2
37.14773,279.1477,874.0181,2
37.1804,341.4677,861.6805,2
37.21406,467.1908,833.4962,2
37.24758,541.8354,811.9902,2
37.28044,552.5817,804.3651,2
37.31419,567.9772,788.6866,2
37.34702,581.3634,784.0923,2
37.38359,591.9534,789.733,2
37.41381,606.8246,797.3755,2
37.44714,625.0635,792.7974,2
37.48273,625.3912,776.4682,2
37.51433,-78.9022,907.615,2
37.55105,-774.3178,1041.663,2
37.58374,-774.3178,1041.663,2
37.61547,-774.3178,1041.663,2
37.64856,-774.3178,1041.663,2
37.68196,-774.3178,1041.663,2
37.71532,-774.3178,1041.663,2
37.74902,-774.3178,1041.663,2
37.78321,-774.3178,1041.663,2
37.8175,-774.3178,1041.663,2
37.85109,-774.3178,1041.663,2
37.8843,-774.3178,1041.663,2
37.91843,-774.3178,1041.663,2
37.95018,-774.3178,1041.663,2
37.98328,-774.3178,1041.663,2
38.01508,-774.3178,1041.663,2
38.04949,-774.3178,1041.663,2
38.08656,-774.3178,1041.663,2
38.12151,-774.3178,1041.663,2
38.14746,-774.3178,1041.663,2
38.19477,-774.3178,1041.663,2
38.21594,-774.3178,1041.663,2
38.24765,1505.376,474.4902,2
38.28223,1510.864,486.4669,2
38.31705,1502.338,503.7028,2
38.35038,1510.961,496.5707,2
38.38299,1478.432,482.8685,2
38.41506,1467.265,473.2152,2
38.44795,1490.336,459.3962,2
38.48243,1487.627,432.8448,2
38.5163,1455.959,383.6215,2
38.5485,1777.957,431.0743,2
38.58336,1765.151,427.1603,2
38.61673,1771.85,421.0077,2
38.64882,1765.884,413.9929,2
38.68166,1774.009,428.0066,2
38.71492,1793.51,434.3427,2
38.7499,1784.064,415.8414,2
38.78078,1772.297,396.9908,2
38.81572,1772.038,393.4045,2
38.85205,1761.115,384.4025,2
38.88114,1766.101,382.096,2
38.916,1766.101,382.096,2
38.95139,1753.151,377.6229,2
38.98373,1752.677,377.2957,2
39.01363,1749.263,385.0823,2
39.04751,1736.923,385.5245,2
39.08076,1730.758,385.7397,2
39.11355,1719.644,388.212,2
39.1478,1708.983,390.8486,2
39.18086,1694.493,396.9106,2
39.21447,1255.276,526.7385,2
39.25059,1142.04,574.1,2
39.28004,1121.683,571.6877,2
39.31456,1101.212,574.7228,2
39.35012,1092.405,580.8661,2
39.38078,1090.131,588.3445,2
39.41709,1092.121,596.4756,2
39.45046,1055.359,602.2531,2
39.48507,173.659,815.0286,2
39.51428,-2427.563,1729.318,2
39.54956,-2427.563,1729.318,2
39.58442,-2427.563,1729.318,2
39.61381,-2427.563,1729.318,2
39.64842,-2427.563,1729.318,2
39.68333,-2427.563,1729.318,2
39.71384,-2427.563,1729.318,2
39.74871,-2427.563,1729.318,2
39.78366,-2427.563,1729.318,2
39.81401,-2427.563,1729.318,2
39.84785,-2427.563,1729.318,2
39.8844,-2427.563,1729.318,2
39.91545,-2427.563,1729.318,2
39.94767,-2427.563,1729.318,2
39.98007,612.788,621.0606,2
40.01567,655.031,603.3045,2
40.05244,691.8936,620.6915,2
40.085,678.5646,625.7958,2
40.11755,638.3063,631.39,2
40.14857,638.3063,631.39,2
40.18111,604.2774,582.2394,2
40.21574,598.7656,547.2134,2
40.25068,499.7903,572.6093,2
40.28525,403.4143,682.2036,2
40.31514,378.2891,729.7678,2
40.34975,368.5636,717.6529,2
40.38433,360.5811,714.1685,2
40.41405,333.3759,741.9145,2
40.44885,308.6165,766.6476,2
40.48357,272.9156,815.4222,2
40.51366,252.1794,842.5085,2
40.54833,234.9244,812.9727,2
40.58321,241.9337,776.8047,2
40.61817,241.7209,762.7154,2
40.64942,256.9599,711.2354,2
40.68417,284.9146,648.6651,2
40.71754,280.7522,656.732,2
40.74779,278.8832,642.6838,2
40.78264,277.8696,628.8815,2
40.81721,295.1232,678.2489,2
40.84752,264.4268,715.1563,2
40.88353,258.2061,741.3251,2
40.91686,318.7827,731.1791,2
40.94935,530.9675,725.3617,2
40.98399,708.7559,713.0933,2
41.01806,722.3738,709.7477,2
41.05056,732.5743,708.3953,2
41.08372,741.1276,695.0497,2
41.11777,754.1016,704.6906,2
41.14719,775.4142,686.4438,2
41.18141,795.5081,695.8576,2
41.2145,814.8652,689.7433,2
41.24755,831.431,669.4023,2
41.28274,854.6683,673.8449,2
41.31515,868.5199,678.0297,2
41.35054,972.835,631.5634,2
41.38079,1084.722,590.457,2
41.41822,1110.255,583.6049,2
41.45069,1130.46,582.3536,2
41.48387,1150.742,578.9554,2
41.51692,1177.645,572.1291,2
41.55041,1198.322,574.0152,2
41.58198,1215.407,577.2067,2
41.61436,1233.101,573.692,2
41.64927,1250.447,570.0673,2
41.68086,1274.453,558.8915,2
41.7177,1292.081,550.547,2
41.74976,1325.95,544.7769,2
41.78289,1467.931,510.8963,2
41.81486,1611.771,484.962,2
41.84766,1615.684,477.5234,2
41.8808,1621.674,474.2693,2
41.91462,1629.616,469.0779,2
41.95153,1641.225,451.9784,2
41.98344,1656.801,441.0862,2
42.01723,1668.631,430.3095,2
42.05107,1672.665,427.0309,2
42.08061,1681.078,420.1267,2
42.11544,1686.624,414.975,2
42.14986,1701.723,395.9835,2
42.18146,1682.585,327.497,2
42.21375,1478.559,142.0689,2
42.24781,1295.95,12.80753,2
42.28036,1608.097,419.9123,2
42.31517,1742.961,328.2336,2
42.3474,1900.875,250.1703,3
42.38637,1259.017,-70.73423,3
42.4139,1259.017,-70.73423,3
42.44824,1523.425,-61.434,3
42.48027,1586.618,-36.22244,3
42.51746,1675.92,21.20518,3
42.5512,1696.822,74.16074,3
42.58281,1361.462,167.9728,3
42.6152,931.4464,300.4886,3
42.64708,822.3317,374.3601,3
42.68008,811.6252,412.0497,3
42.71367,791.2796,429.4827,3
42.74704,791.1011,455.7134,3
42.78395,772.4626,487.0538,3
42.81655,738.0444,504.4368,3
42.84867,718.7645,510.0093,3
42.88142,728.72,519.9714,3
42.91512,724.0338,535.4179,3
42.94824,721.5001,529.5519,3
42.98315,716.4688,511.5957,3
43.01604,697.6985,503.8826,3
43.05059,423.849,386.3568,3
43.0805,423.5787,376.7029,3
43.1172,393.0724,381.2195,3
43.15058,390.4264,380.8474,3
43.18569,385.8669,373.3572,3
43.21347,379.8853,373.222,3
43.24878,378.0089,365.8341,3
43.28272,369.8349,357.3955,3
43.31428,362.1169,361.5128,3
43.34931,356.7732,358.9512,3
43.38158,350.2071,333.6273,3
43.4169,346.0387,344.7627,3
43.44822,337.2352,355.0877,3
43.48195,333.6708,341.8354,3
43.5164,330.4055,335.8296,3
43.54696,325.0383,337.2672,3
43.58086,287.9074,311.2307,3
43.61514,231.2781,283.6309,3
43.65057,213.6634,276.6418,3
43.68057,214.2785,277.4738,3
43.71494,218.5282,274.5211,3
43.74689,224.8683,283.8076,3
43.78036,251.4644,293.8094,3
43.81443,251.2474,279.0846,3
43.84808,243.8777,266.1343,3
43.88007,250.3524,267.5378,3
43.91335,234.0513,269.2947,3
43.95146,225.9801,263.8629,3
43.9841,225.3052,257.5998,3
44.01646,234.2125,276.0668,3
44.0477,230.696,277.653,3
44.08236,232.3629,273.8131,3
44.11582,240.5582,273.0972,3
44.14969,236.2046,262.1793,3
44.1827,234.4223,261.7427,3
44.21481,266.3331,275.966,3
44.24873,258.2817,286.6263,3
44.28145,229.3899,277.6231,3
44.3163,517.4908,376.4626,3
44.34941,1083.673,538.5371,3
44.3833,1093.018,571.3506,3
44.41734,1089.551,588.7333,3
44.45254,1097.417,591.0306,3
44.48141,1111.187,588.8889,3
44.51406,1120.669,593.5028,3
44.54763,1181.009,612.199,3
44.58133,1300.556,642.6769,3
44.61628,1371.591,654.971,3
44.65132,1397.436,642.2587,3
44.68011,1412.791,649.3815,3
44.71532,1416.177,662.5715,3
44.74993,1423.486,667.5308,3
44.78416,1432.566,663.1447,3
44.8163,1448.485,670.6595,3
44.84879,1460.343,671.7947,3
44.88369,1462.997,669.9016,3
44.91674,1482.02,682.3522,3
44.95092,1590.349,712.6968,3
44.9819,1689.632,713.2634,3
45.01814,1704.688,730.6909,3
45.05078,1719.131,741.2487,3
45.08471,1722.253,745.5784,3
45.11738,1728.363,743.4224,3
45.15013,1740.922,736.0669,3
45.18024,1756.156,735.3785,3
45.21748,1761.179,735.485,3
45.24736,1759.081,738.7696,3
45.28212,1754.109,745.5118,3
45.31705,1747.356,741.9568,3
45.34673,1741.588,747.5981,3
45.38113,1742.596,752.6927,3
45.41569,1744.329,740.722,3
45.44702,1737.215,747.8565,3
45.48055,1664.015,801.7155,3
45.51735,1555.218,862.0656,3
45.55026,1506.211,877.8492,3
45.58249,1493.944,882.0698,3
45.6147,1478.273,883.6959,3
45.64708,1466.049,882.5377,3
45.68321,1444.323,883.8104,3
45.7137,1414.838,883.9525,3
45.75071,1406.344,886.4212,3
45.78226,1400.184,895.5922,3
45.81665,1381.857,893.9822,3
45.84975,1365.369,891.1105,3
45.88196,1349.463,890.9211,3
45.91428,1338.143,877.0676,3
45.95209,1300.721,882.2118,3
45.98177,1267.27,879.9938,3
46.01439,1243.98,856.814,3
46.0487,1223.253,822.002,3
46.08292,1196.725,804.152,3
46.11426,1172.405,783.3282,3
46.14714,1156.598,762.3445,3
46.18418,1133.048,769.8333,3
46.21624,1101.305,758.5143,3
46.24991,1088.125,738.1973,3
46.2846,978.8936,680.809,3
46.31503,961.1236,716.1866,3
46.34777,938.8433,722.9459,3
46.38467,927.8127,721.3263,3
46.41417,916.439,735.2341,3
46.4511,903.424,718.4086,3
46.48056,879.5077,707.8094,3
46.51807,858.1597,716.3437,3
46.54671,842.6972,718.731,3
46.58393,641.6204,678.8026,3
46.61617,482.1973,639.4333,3
46.64835,469.2836,640.8057,3
46.68048,454.2508,644.9744,3
46.71341,441.3712,628.6096,3
46.7506,432.7704,607.1501,3
46.78232,415.2555,605.5054,3
46.81529,401.7721,611.1288,3
46.84946,391.3465,606.7946,3
46.88115,374.016,589.0942,3
46.91548,353.5388,575.4437,3
46.95079,358.2101,573.7536,3
46.98444,351.2547,570.1085,3
47.01482,329.5444,577.1968,3
47.04729,315.9997,571.0679,3
47.08412,312.6393,561.5099,3
47.11694,317.0104,552.6941,3
47.14908,296.2453,555.8942,3
47.18172,192.1018,553.1039,3
47.21419,99.52186,541.6935,3
47.24795,89.74819,533.6964,3
47.28017,86.30956,531.2166,3
47.31462,84.11983,537.7119,3
47.35101,129.4709,524.7987,3
47.38033,239.5691,503.7314,3
47.41466,304.6461,506.0823,3
47.44846,309.068,509.3034,3
47.48325,323.0972,505.4084,3
47.51374,328.976,511.9497,3
47.54871,371.3643,504.2995,3
47.58518,827.1743,528.4678,3
47.6163,830.7792,524.7245,3
47.65035,835.9135,512.4229,3
47.6812,851.3502,510.573,3
47.71796,860.7432,508.0329,3
47.75244,862.7108,493.2425,3
47.78311,874.0938,490.8178,3
47.8139,885.367,496.2366,3
47.84997,886.0855,484.4214,3
47.88481,905.9376,478.1711,3
47.91595,930.6324,449.4803,3
47.94715,955.6578,417.8156,3
47.98296,964.3875,406.9462,3
48.01477,973.116,394.4022,3
48.04691,973.5682,383.4185,3
48.08019,977.3542,382.2033,3
48.11842,982.0379,389.5609,3
48.14879,988.2843,389.0845,3
48.18171,996.7697,379.2113,3
48.21677,1004.117,409.2246,3
48.24696,1010.701,402.0917,3
48.28468,1012.365,393.526,3
48.31776,1017.517,386.5327,3
48.35212,1022.949,386.438,3
48.38029,1030.468,392.8409,3
48.41396,1312.533,345.4618,3
48.45037,1605.01,284.0498,3
48.48344,1619.393,269.9907,3
48.51755,1647.066,270.3889,3
48.54697,1655.45,272.8284,3
48.58458,1656.153,273.3108,3
48.61414,1667.266,278.9624,3
48.64767,1681.851,284.5531,3
48.68162,1676.563,273.3413,3
48.71391,1674.74,259.4067,3
48.74818,1678.812,256.3828,3
48.78461,1844.266,318.5204,3
48.81926,1913.624,473.9435,3
48.84753,1913.624,473.9435,3
48.88543,1763.993,398.2003,3
48.91488,1649.091,321.0629,3
48.94742,1667.561,312.7801,3
48.98152,1674.072,317.2802,3
49.01501,1664.563,328.9605,3
49.04926,1652.433,327.6195,3
49.08099,1645.803,318.8312,3
49.11406,1637.955,326.2846,3
49.15067,1595.629,326.3573,3
49.18115,1566.073,327.8241,3
49.21508,1547.399,342.2375,3
49.24839,1529.479,364.2903,3
49.28363,1510.703,361.8228,3
49.31642,1499.712,348.851,3
49.35148,1487.868,345.4272,3
49.38105,1476.142,347.2698,3
49.41556,1454.711,348.6813,3
49.4511,1440.156,359.9832,3
49.48055,1430.535,386.9311,3
49.51628,1402.541,378.3021,3
49.55238,1389.951,388.9606,3
49.58067,1379.712,386.1573,3
49.61491,1358.033,372.5434,3
49.64805,1361.774,383.8607,3
49.68003,1378.328,399.9511,3
49.71621,1367.308,402.1286,3
49.74738,1352.211,382.3579,3
49.78526,653.9554,437.072,3
49.81456,653.9554,437.072,3
49.84975,487.8849,430.271,3
49.88166,470.729,419.4841,3
49.91581,458.3376,392.1831,3
49.94754,451.5495,402.5503,3
49.98465,440.6693,411.0782,3
50.01466,423.474,408.3087,3
50.05013,415.0777,412.1382,3
50.08216,409.4305,409.1156,3
50.11763,391.2016,431.5035,3
50.15034,377.215,434.8842,3
50.18347,374.84,438.1417,3
50.21801,369.5122,429.821,3
50.24737,447.7115,412.6378,3
50.28261,928.9415,412.076,3
50.31723,1315.972,414.1676,3
50.35182,1300.135,413.1755,3
50.38161,1285.66,419.5636,3
50.41627,1295.452,419.5476,3
50.45087,1903.087,333.1927,3
50.48067,1917.491,358.1691,3
50.51689,1909.411,362.9232,3
50.5491,1911.451,398.0316,3
50.58458,1909.98,431.352,3
50.61394,1915.386,432.6992,3
50.64875,1927.308,421.8677,3
50.68423,1918.639,412.0606,3
50.71449,1917,431.8509,3
50.7514,1916.793,442.9948,3
50.78128,1912.203,457.1092,3
50.81472,1918.234,463.5877,3
50.84784,1913.275,469.7994,3
50.8813,1904.979,467.3755,3
50.91334,1919.651,463.3633,3
50.9469,1911.688,472.6303,3
50.98141,1919.739,471.0074,3
51.01651,1894.193,511.0974,3
51.04966,1863.618,561.712,3
51.08328,1883.554,562.7099,3
51.11549,1863.136,588.6851,3
51.14782,1861.92,586.5068,3
51.18172,1874.594,589.7977,3
51.21436,1876.881,589.0723,3
51.24874,1872.444,598.3854,3
51.28161,1862.521,617.97,3
51.31713,1862.259,625.6834,3
51.34985,1861.128,630.1685,3
51.3839,1868.886,643.6768,3
51.41744,1860.343,636.8693,3
51.44755,1856.544,639.3546,3
51.48132,1856.667,658.3699,3
51.51536,1859.336,681.8116,3
51.54945,1858.598,701.2053,3
51.58001,1863.708,732.0275,3
51.61514,1870.633,744.6024,3
51.64874,1872.122,748.0747,3
51.68309,1866.951,761.3386,3
51.71713,1860.996,762.6101,3
51.75051,1870.362,754.1249,3
51.78326,1873.104,753.9883,3
51.81573,1874.484,744.0045,3
51.8489,1867.724,726.3531,3
51.88247,1866.352,718.5644,3
51.91693,1871.893,730.9045,3
51.95085,1869.425,731.3394,3
51.98086,1864.931,720.6432,3
52.01373,1864.498,720.6527,3
52.04698,1867.642,711.2045,3
52.08533,1870.501,696.4373,3
52.11714,1860.847,707.683,3
52.14733,1646.115,802.5685,3
52.18428,1446.127,910.2661,3
52.21509,1448.578,924.9733,3
52.25086,1458.478,923.3362,3
52.285,1471.612,918.745,3
52.31674,1471.272,921.9939,3
52.35269,782.2466,1346.72,3
52.3832,140.3052,1712.08,3
52.41696,-486.7495,1893.714,3
52.44764,-486.7495,1893.714,3
52.48079,-486.7495,1893.714,3
52.51456,-486.7495,1893.714,3
52.5469,-486.7495,1893.714,3
52.58001,-486.7495,1893.714,3
52.61419,-486.7495,1893.714,3
52.64823,-486.7495,1893.714,3
52.68172,-344.2599,1628.832,3
52.71368,1703.333,703.2684,3
52.74977,1553.997,548.6367,3
52.78239,1551.716,583.5784,3
52.81523,1565.601,616.707,3
52.84936,1572.246,607.9805,3
52.88284,1569.899,620.0982,3
52.91506,1572.011,627.0001,3
52.94886,1573.541,627.9578,3
52.98267,1572.108,624.6439,3
53.01369,1563.151,619.3512,3
53.04776,400.893,696.6975,3
53.08006,256.8183,704.8914,3
53.1154,259.482,721.3765,3
53.1492,261.0318,733.1779,3
53.18149,264.7978,721.8758,3
53.21827,268.2962,717.8997,3
53.24858,276.701,725.0861,3
53.28294,720.9896,728.4037,3
53.31686,1205.602,724.3994,3
53.35031,1254.356,737.4554,3
53.38549,1258.478,728.8051,3
53.41764,1257.483,726.1417,3
53.44974,1257.867,727.3673,3
53.48251,1202.302,696.3582,3
53.51431,858.0131,525.564,3
53.54687,543.544,381.8626,3
53.58426,521.5003,376.9478,3
53.61628,515.9213,374.1411,3
53.65081,502.2632,370.2758,3
53.68367,483.8988,353.2395,3
53.71609,468.0038,361.5471,3
53.74913,443.3344,354.6599,3
53.78242,415.2939,343.8268,3
53.81517,327.6854,317.2389,3
53.84722,246.9563,284.0145,3
53.88137,221.4938,274.1203,3
53.91489,193.3587,281.7332,3
53.94918,182.6709,279.5264,3
53.98316,179.4568,264.887,3
54.01754,161.2252,271.9134,3
54.04831,173.2699,260.678,3
54.08292,179.1275,256.1496,3
54.11809,189.2072,265.5357,3
54.14891,327.6333,295.9958,3
54.18563,970.5709,399.7897,3
54.21446,1535.35,479.3992,3
54.25028,1583.347,486.8209,3
54.28445,1585.214,491.0599,3
54.31647,1585.215,484.603,3
54.34926,1583.434,490.3301,3
54.38178,1721.858,474.9431,3
54.41448,1958.964,474.886,3
54.44685,2040.526,480.0171,3
54.48077,2026.951,479.4408,3
54.51719,2023.117,483.1577,3
54.55166,2022.55,483.3274,3
54.58428,1940.661,473.4048,3
54.61811,1860.719,475.5241,3
54.64754,1860.719,475.5241,3
54.68294,1870.455,478.027,3
54.71743,1869.963,477.7889,3
54.7475,1864.896,487.8416,3
54.78213,1868.094,493.0434,3
54.81696,1863.839,497.8531,3
54.84825,1859.191,502.657,3
54.88081,1859.303,495.68,3
54.91443,1863.036,490.007,3
54.95152,1857.726,515.2471,3
54.98007,1857.726,515.2471,3
55.01424,1854.619,498.6658,3
55.05035,1855.286,501.0522,3
55.08295,1860.067,509.516,3
55.11405,1859.028,511.229,3
55.14755,1849.516,506.7755,3
55.18096,1852.04,501.2661,3
55.21861,1853.959,499.3493,3
55.24864,1856.392,494.4145,3
55.28319,1854.307,494.9335,3
55.31743,1853.567,501.0735,3
55.34765,1865.384,502.2831,3
55.38214,1869.321,502.9584,3
55.41679,1863.522,499.0753,3
55.45145,1857.842,491.8242,3
55.48112,1855.328,491.2976,3
55.51576,1863.137,493.9023,3
55.5473,1877.286,487.2124,3
55.58375,2012.673,417.3235,3
55.61382,2148.457,358.0953,3
55.64872,2144.764,364.9296,3
55.68158,2144.236,363.9883,3
55.71397,2143.866,370.3678,3
55.74703,2143.214,356.8136,3
55.78123,2139.27,350.7146,3
55.81346,2139.08,355.4093,3
55.85085,2144.151,364.6017,3
55.88374,2153.349,366.2576,3
55.91558,2152.632,363.383,3
55.95147,2160.843,361.7268,3
55.98079,2158.753,364.3837,3
56.01824,2156.354,358.0977,3
56.05072,2162.761,361.0869,3
56.0838,2164.837,372.9117,3
56.11365,2155.781,381.3353,3
56.14914,2095.379,396.2548,3
56.18375,1986.771,413.0514,3
56.21656,1925.988,426.2776,3
56.24877,1920.29,420.5824,3
56.28313,1921.967,439.568,3
56.3159,1914.075,428.2561,3
56.35173,1917.79,412.4034,3
56.38126,1926.053,418.6769,3
56.41381,1888.769,414.8116,3
56.45083,1835.586,417.9767,3
56.4815,1826.088,420.5796,3
56.51913,1830.515,404.5499,3
56.54703,1836.891,402.2837,3
56.58061,1838.386,400.9819,3
56.61711,1838.312,396.8702,3
56.65118,1829.487,389.0341,3
56.68375,1833.76,385.6963,3
56.7165,1835.942,390.7682,3
56.75103,1835.504,393.6566,3
56.78265,1843.238,392.2401,3
56.81628,1840.2,395.1406,3
56.84895,1833.146,402.5398,3
56.88124,1833.729,409.1823,3
56.91407,1829.707,409.4621,3
56.95072,1832.269,398.9149,3
56.98029,1829.797,393.7786,3
57.01464,1827.798,396.5486,3
57.04964,1826.592,400.8403,3
57.08386,1833.044,407.1615,3
57.11537,1831.347,407.6791,3
57.15105,1827.274,398.1591,3
57.18185,1827.343,381.8575,3
57.21816,1816.631,393.6683,3
57.25174,1823.965,386.8357,3
57.28068,1826.485,390.6707,3
57.31446,1821.718,381.6798,3
57.34903,1822.814,370.2805,3
57.38391,1823.274,378.2145,3
57.41376,1823.69,385.0126,3
57.44838,1826.693,377.6426,3
57.48318,1821.477,373.2215,3
57.51744,1817.07,371.6619,3
57.54774,1822.306,370.7692,3
57.58457,1825.129,367.6674,3
57.6157,1830.021,367.9875,3
57.64979,1830.273,344.0189,3
57.68488,1827.411,307.2118,3
57.71547,1825.953,292.8181,3
57.74918,1825.211,284.3121,3
57.7829,1823.539,284.2762,3
57.81665,1830.228,289.3184,3
57.84927,1830.078,284.7398,3
57.88128,1834.055,290.9453,3
57.9143,1824.527,289.3801,3
57.95141,1817.071,293.6037,3
57.98337,1823.774,291.0462,3
58.01596,1823.858,282.7744,3
58.04807,1819.573,287.854,3
58.08083,1825.672,296.7309,3
58.1179,1830.247,295.1139,3
58.14995,1828.716,296.7298,3
58.1831,1831.097,302.0894,3
58.21675,1829.769,303.1334,3
58.25033,1834.69,299.7064,3
58.28377,1829.896,298.6547,3
58.31354,1821.75,294.672,3
58.34691,1814.033,288.8051,3
58.38358,1818.845,288.6515,3
58.41714,1827.883,285.4905,3
58.45203,1823.616,281.2308,3
58.48118,1817.592,280.9076,3
58.51624,1818.503,291.5068,3
58.55087,1821.441,294.2108,3
58.58015,1817.403,305.3484,3
58.61496,1821.497,303.9099,3
58.65007,1824.632,301.4615,3
58.68469,1830.056,305.851,3
58.71487,1835.334,301.3719,3
58.74745,1836.553,296.4175,3
58.78421,1838.015,289.1682,3
58.81727,1826.258,304.334,3
58.85059,1832.911,303.5876,3
58.88376,1835.853,302.6354,3
58.91629,1828.572,287.9124,3
58.94886,1830.988,294.7034,4
58.98101,1830.453,297.1807,4
59.01598,1835.03,298.8399,4
59.05154,1836.761,300.0692,4
59.08615,1839.254,293.4725,4
59.11829,1838.946,292.3693,4
59.14935,1834.791,303.3072,4
59.18495,1831.76,303.3497,4
59.21736,1834.142,301.5951,4
59.2504,1840.407,304.282,4
59.28369,1839.562,303.2304,4
59.31802,1834.823,302.159,4
59.34715,1826.994,294.2126,4
59.3839,1824.863,294.1791,4
59.41624,1830.81,295.4322,4
59.44901,1838.003,289.4457,4
59.48128,1838.857,295.1274,4
59.51431,1836.029,311.4911,4
59.54722,1840.883,310.4331,4
59.5803,1840.277,311.9427,4
59.61632,1835.103,312.9642,4
59.64879,1866.404,292.7292,4
59.68514,1893.48,286.618,4
59.7146,1890.79,289.0271,4
59.7476,1886.938,293.464,4
59.78074,1877.609,299.9376,4
59.8174,1893.778,303.9451,4
59.84969,1889.493,310.5942,4
59.88253,1882.913,303.0994,4
59.91529,1884.009,307.3528,4
59.94873,1885.336,311.1595,4
59.98079,1883.647,313.8602,4
60.01509,1886.529,313.6995,4
60.0492,1886.812,311.8492,4
60.08368,1888.661,311.8839,4
60.11358,1894.146,311.6659,4
60.1529,1892.512,307.734,4
60.18238,1890.518,303.2476,4
60.21846,1891.862,304.0238,4
60.24751,1895.974,304.7576,4
60.28534,1903.835,300.8499,4
60.31455,1892.742,302.7185,4
60.3493,1846.547,300.6024,4
60.38061,1821.132,302.4011,4
60.41915,1823.142,299.3657,4
60.45041,1828.074,300.8194,4
60.48016,1828.078,298.2375,4
60.51484,1831.392,288.6631,4
60.55027,1837.671,286.5997,4
60.58401,1829.769,295.1115,4
60.61409,1828.78,307.1406,4
60.64899,1833.218,306.2915,4
60.68391,1831.91,292.6685,4
60.71392,1826.187,297.2788,4
60.74856,1821.552,300.5596,4
60.78476,1837.326,298.228,4
60.81492,1831.085,301.3616,4
60.84867,1829.157,297.0074,4
60.88107,1831.165,297.4746,4
60.9143,1827.047,302.7667,4
60.94852,1833.561,294.8938,4
60.98354,1837.701,297.9075,4
61.01368,1843.133,299.5457,4
61.04763,1842.298,293.1736,4
61.08395,1846.759,309.9954,4
61.11417,1846.327,301.7389,4
61.148,1848.901,302.8751,4
61.18397,1849.803,305.3581,4
61.21375,1847.006,313.1286,4
61.25023,1851.359,314.8231,4
61.28504,1852.479,320.8154,4
61.31453,1852.598,328.5666,4
61.34977,1843.403,314.7332,4
61.38111,1833.019,303.189,4
61.41436,1840.781,313.0274,4
61.44796,1834.69,307.0787,4
61.48181,1834.817,314.7427,4
61.51585,1841.312,313.1958,4
61.54941,1836.097,323.2984,4
61.58387,1838.841,329.0023,4
61.61664,1836.74,317.681,4
61.65051,1833.333,321.4012,4
61.68254,1833.239,324.247,4
61.7151,1833.822,321.0925,4
61.74873,1834.601,328.8156,4
61.78183,1843.115,345.5912,4
61.81729,1833.569,350.6039,4
61.85109,1831.206,341.5192,4
61.88496,1900.011,362.9042,4
61.91432,1980.167,460.4031,4
61.94853,2010.978,531.2956,4
61.981,2007.223,547.3257,4
62.0173,1912.444,594.006,4
62.04744,1831.376,630.322,4
62.08168,1837.356,630.8599,4
62.11594,1833.961,630.0742,4
62.14796,1831.627,634.0549,4
62.18303,1837.473,633.048,4
62.21618,1840.928,645.35,4
62.25165,1834.952,650.8597,4
62.28338,1832.798,643.7197,4
62.31744,1835.821,645.7766,4
62.3469,1837.002,644.2034,4
62.38346,1976.834,687.9418,4
62.41583,1976.834,687.9418,4
62.45143,2013.691,695.1714,4
62.48045,2008.199,698.1051,4
62.51513,2009.69,702.1965,4
62.5467,2004.95,695.2061,4
62.58405,2000.839,694.642,4
62.61704,1998.418,708.5336,4
62.64793,1991.858,704.6434,4
62.68244,1989.46,683.5438,4
62.71704,1980.134,700.0227,4
62.74876,1926.942,734.3581,4
62.78064,1902.133,762.3926,4
62.81761,1898.385,765.1498,4
62.84961,1901.824,764.1591,4
62.88052,1898.331,766.2767,4
62.9176,1887.093,775.7785,4
62.94727,1891.718,776.816,4
62.98174,1904.942,781.0081,4
63.01522,1904.408,789.5466,4
63.05188,1905.804,780.9803,4
63.08117,1908.26,779.2349,4
63.11515,1912.958,790.4685,4
63.15147,1888.114,775.6913,4
63.18137,1616.814,649.476,4
63.21454,1351.913,527.4973,4
63.24863,1335.762,512.4215,4
63.28124,1614.604,402.0605,4
63.31686,1962.935,212.0446,4
63.35217,2017.853,137.0228,4
63.38083,2030.713,148.8923,4
63.41441,2023.414,142.7363,4
63.44756,2042.131,130.6551,4
63.48117,2041.996,118.8093,4
63.5136,2037.388,126.1402,4
63.54914,2039.433,117.2607,4
63.58492,2031.103,128.765,4
63.61418,1923.538,192.6518,4
63.6486,1814.526,234.3402,4
63.68209,1831.169,229.7168,4
63.71765,1847.861,223.967,4
63.74734,1857.696,211.0215,4
63.78328,1848.885,207.4805,4
63.81732,1841.835,210.9075,4
63.84816,1855.458,204.6611,4
63.88327,1862.769,210.8325,4
63.91592,1866.731,226.7785,4
63.9489,1871.595,247.1689,4
63.98081,1869.941,240.1428,4
64.01385,1857.459,239.3099,4
64.05043,1867.882,225.4963,4
64.08234,1883.139,246.4275,4
64.11537,1885.845,274.4299,4
64.14796,1888.65,296.9942,4
64.18065,1892.777,317.8779,4
64.21513,1895.914,301.7176,4
64.24954,1856.452,298.781,4
64.28001,1748.639,325.9316,4
64.31491,1693.607,331.238,4
64.34676,1699.841,328.4258,4
64.38047,1682.182,364.0958,4
64.41383,1684.69,358.0149,4
64.44699,1681.447,364.1148,4
64.4839,1681.827,378.2498,4
64.51559,1680.224,399.6817,4
64.54834,1672.656,424.8146,4
64.58478,1563.785,512.9265,4
64.61684,1312.576,673.6721,4
64.64973,1315.08,669.0632,4
64.68161,1313.616,676.6013,4
64.71423,1306.999,683.7454,4
64.75141,1299.978,678.6885,4
64.78407,1288.363,690.9642,4
64.81625,1292.904,685.2967,4
64.84956,1299.706,675.8097,4
64.8822,1286.856,688.201,4
64.91603,1282.6,685.3412,4
64.94934,1306.572,684.4031,4
64.98466,1306.878,683.3632,4
65.01803,1269.988,682.1794,4
65.04728,1169.206,712.8165,4
65.08371,1095.246,744.0269,4
65.1136,1094.46,748.6012,4
65.14799,1091.269,747.8843,4
65.18021,1097.348,745.6302,4
65.21452,1102.622,756.3768,4
65.25097,1090.939,774.17,4
65.28219,1067.2,776.2099,4
65.3142,1084.763,789.8675,4
65.34963,1315.294,756.0724,4
65.38629,1556.504,703.1019,4
65.41669,1590.473,701.1279,4
65.45357,1588.098,717.6198,4
65.48145,1590.264,709.6119,4
65.51904,1594.151,714.2788,4
65.55114,1607.717,721.7936,4
65.58385,1608.515,714.5477,4
65.61644,1607.752,701.8373,4
65.64692,1599.763,706.9765,4
65.68261,1600.936,708.2933,4
65.7161,1605.408,701.4565,4
65.75263,1605.079,698.0243,4
65.78388,1598.84,679.9865,4
65.81513,1594.614,666.1799,4
65.84922,1600.306,670.1953,4
65.88274,1595.145,680.191,4
65.9166,1605.723,690.2295,4
65.947,1602.845,683.7686,4
65.982,1596.069,678.2658,4
66.01675,1600.418,680.9021,4
66.04685,1601.62,678.6606,4
66.08273,1593.959,666.9283,4
66.11612,1593.645,676.1384,4
66.15089,1600.454,682.6058,4
66.18111,1602.617,671.7505,4
66.2151,1605.547,664.9688,4
66.25048,1783.606,616.2495,4
66.28497,1845.056,565.4746,4
66.31438,1837.918,554.3694,4
66.35091,1839.023,555.9703,4
66.38044,1842.424,570.2696,4
66.41782,1842.947,565.2029,4
66.45343,1845.907,557.9459,4
66.48337,1843.448,563.8748,4
66.51382,1840.651,556.0505,4
66.55021,1852.817,552.7258,4
66.58144,1853.998,553.7674,4
66.61755,1859.941,556.188,4
66.64816,1860.63,565.6982,4
66.68347,1860.071,565.5425,4
66.71637,1858.232,552.2023,4
66.75072,1853.616,559.8816,4
66.785,1839.578,551.2779,4
66.8143,1664.187,510.3598,4
66.85037,1456.856,481.2363,4
66.88182,1410.744,474.2114,4
66.91556,1415.566,470.8228,4
66.95029,1413.891,461.1493,4
66.9808,1409.258,457.5485,4
67.01847,1416.275,457.697,4
67.05206,1425.441,464.3051,4
67.08333,1524.491,413.9567,4
67.11508,1637.558,346.997,4
67.15102,1648.976,339.8321,4
67.18355,1658.179,340.2065,4
67.21748,1654.508,336.5997,4
67.2478,1654.508,336.5997,4
67.28175,1640.169,341.4644,4
67.31652,1644.535,336.3294,4
67.34737,1660.563,337.0679,4
67.38088,1659.854,334.6834,4
67.41405,1665.295,335.9006,4
67.44977,1666.674,342.2914,4
67.48216,1667.796,352.6777,4
67.51535,1672.545,354.5724,4
67.54723,1670.437,352.2013,4
67.58173,1795.819,492.7053,4
67.61423,1799.314,510.6977,4
67.64849,1804.644,514.8901,4
67.68237,1800.265,512.9183,4
67.71608,1788.695,520.3696,4
67.75149,1797.313,523.5496,4
67.78109,1802.147,509.3545,4
67.81588,1796.059,509.2014,4
67.84999,1492.846,655.5998,4
67.88097,1492.846,655.5998,4
67.91415,1209.686,744.2197,4
67.94937,1201.832,749.6876,4
67.9822,1201.309,750.5929,4
68.01717,1207.078,750.2725,4
68.0508,1208.41,751.5451,4
68.08504,1210.228,762.8593,4
68.1157,1210.513,765.078,4
68.14953,1216.358,758.746,4
68.18427,1207.585,772.1022,4
68.21417,1444.673,717.4302,4
68.24876,1444.673,717.4302,4
68.2834,1936.111,605.7853,4
68.31342,1934.92,605.0786,4
68.34805,1942.819,604.5361,4
68.38258,1943.333,606.7554,4
68.41728,1940.394,605.8462,4
68.44771,1953.084,603.0418,4
68.48279,1957.716,607.2368,4
68.5163,1950.552,606.3746,4
68.5514,1933.363,589.103,4
68.58022,1933.363,589.103,4
68.6151,1941.587,594.7859,4
68.6479,1937.611,595.6653,4
68.68053,1943.477,590.8922,4
68.71809,1949.098,599.8651,4
68.74812,1948.735,602.0382,4
68.78084,1943.57,592.7925,4
68.81456,1936.711,596.7381,4
68.84818,1949.269,600.4814,4
68.88175,1949.269,600.4814,4
68.9166,1933.417,595.9709,4
68.94871,1939.338,604.942,4
68.98317,1944.425,611.8364,4
69.01667,1936.404,606.7168,4
69.04977,1935.312,598.891,4
69.08358,1934.219,598.0727,4
69.11665,1935.699,607.713,4
69.14893,1940.375,614.3694,4
69.18129,1941.618,615.3704,4
69.21529,1943.941,606.8277,4
69.2511,1951.522,596.7261,4
69.28378,1951.369,597.8899,4
69.31843,1936.376,600.7471,4
69.34979,1928.924,601.5765,4
69.38449,1931.621,592.715,4
69.41391,1931.347,583.7177,4
69.44671,1933.286,583.3987,4
69.48153,1924.95,571.9078,4
69.51734,1933.026,573.1237,4
69.54739,1896.781,512.0689,4
69.58421,1874.016,455.6266,4
69.61739,1885.289,470.6446,4
69.64896,1882.387,489.8385,4
69.68363,1883.381,486.4418,4
69.71467,1883.389,474.2154,4
69.75108,1878.623,473.6428,4
69.78251,1874.543,476.894,4
69.81695,1878.615,488.0253,4
69.84745,1878.615,488.0253,4
69.88306,1884.717,489.1861,4
69.91729,1892.071,478.3769,4
69.94722,1891.569,468.2916,4
69.98002,1895.848,469.3087,4
70.01582,1939.917,419.2295,4
70.04953,1966.06,352.5751,4
70.08261,1956.192,327.1941,4
70.11705,1971.485,335.1292,4
70.14809,1966.144,339.0383,4
70.18321,1919.104,306.6947,4
70.2155,1868.342,286.2816,4
70.24974,1866.272,298.0407,4
70.28381,1862.142,300.6857,4
70.31717,1853.737,297.0542,4
70.35093,1860.3,294.7392,4
70.38009,1867.596,300.6494,4
70.41682,1867.787,312.4442,4
70.4495,1865.119,313.7191,4
70.48088,1869.874,321.8723,4
70.51674,1878.713,334.6269,4
70.55083,1872.128,330.6595,4
70.5825,1868.889,323.2356,4
70.61386,1865.994,329.4126,4
70.65063,1862.96,333.0137,4
70.68202,1867.882,336.4214,4
70.7184,1863.151,340.6225,4
70.74951,1862.747,343.3948,4
70.78149,1876.46,361.4921,4
70.81667,1861.811,357.6211,4
70.85104,1861.988,339.9332,4
70.88278,1861.426,335.3057,4
70.91763,1845.615,323.4837,4
70.94792,1845.038,310.21,4
70.98479,1842.027,299.1338,4
71.01575,1827.607,283.3128,4
71.04897,1748.684,267.6873,4
71.08459,1712.51,246.6278,4
71.11452,1668.661,218.6523,4
71.1496,1625.053,180.7548,4
71.18152,1637.003,147.9338,4
71.21378,1633.826,92.67796,4
71.25146,1610.117,40.57135,4
71.28332,1648.129,118.0369,4
71.31589,1575.699,213.5547,4
71.34834,1542.06,196.7228,4
71.38086,1576.94,165.0417,4
71.41803,1365.551,63.0685,4
71.45041,1320.556,36.71837,4
71.4824,1741.615,-68.83793,4
71.51563,1844.106,-65.74944,4
71.54856,1771.482,-71.4041,4
71.58147,1678.115,-101.3445,4
71.61567,1668.263,-119.2459,4
71.64836,1756.293,-52.60215,4
71.68086,1475.836,-95.16701,4
71.7156,1507.552,-148.9063,4
71.74924,1858.268,7.398906,4
71.78092,1863.11,49.3096,4
71.81488,1874.198,105.3097,4
71.84953,1904.504,156.7852,4
71.88356,1921.16,218.4672,4
71.91608,1908.215,293.1895,4
71.94823,1921.006,355.6999,4
71.98104,1953.791,429.8932,4
72.01389,1972.035,454.4506,4
72.04923,1996.982,574.6557,4
72.08338,2093.22,674.3265,4
72.11517,2148.671,739.8728,4
72.14822,2086.199,765.5255,4
72.18075,2086.199,765.5255,4
72.21429,2086.199,765.5255,4
72.24671,1730.852,699.7667,4
72.28396,1778.522,717.8123,4
72.31754,1818.455,720.8529,4
72.35122,2107.346,970.0403,4
72.38415,2088.272,980.0135,4
72.41486,2119.627,1030.228,4
72.44816,2106.156,1066.682,4
72.48282,2108.812,1100.821,4
72.51551,2135.128,1129.251,4
72.54852,1776.187,1164.878,4
72.58382,1772.75,1193.782,4
72.61643,1769.281,1258.794,4
72.64857,1775.729,1341.386,4
72.68102,1773.542,1423.533,4
72.71811,1790.331,1566.932,4
72.75046,1792.552,1643.459,4
72.78306,1787.126,1713.627,4
72.81691,1799.457,1763.17,4
72.84742,1562.275,1813.781,4
72.88257,1284.681,1846.702,4
72.91733,1266.194,1844.636,4
72.94668,1266.194,1844.636,4
72.98182,1266.194,1844.636,4
73.01531,1796.18,1791.222,4
73.05093,1800.124,1687.576,4
73.08404,1823.097,1733.413,4
73.11735,1722.207,1695.199,4
73.14729,1535.383,1488.429,4
73.18019,1582.397,1304.856,4
73.21685,1633.102,1225.206,4
73.24922,1568.769,1104.359,4
73.28169,1567.168,968.2268,4
73.31551,1553.115,889.7488,4
73.34884,1596.608,811.8661,4
73.38075,1613.386,793.2046,4
73.41743,1581.207,769.6454,4
73.45125,1559.893,733.9473,4
73.48007,1576.961,715.5692,4
73.51597,1586.446,691.4147,4
73.54866,1582.389,661.3472,4
73.58464,1560.622,642.9548,4
73.61343,1553.439,623.0457,4
73.64714,1571.485,600.5127,4
73.6818,1573.188,603.9765,4
73.71604,1579.446,601.8013,4
73.75076,1575.375,605.0666,4
73.78108,1584.14,600.0343,4
73.81532,1596.005,588.6251,4
73.85075,1592.417,591.0671,4
73.88069,1582.603,600.5374,4
73.91605,1575.742,600.4409,4
73.94775,1581.864,591.6653,4
73.98256,1576.259,594.5022,4
74.01443,1565.837,612.9125,4
74.04695,1566.756,627.9296,4
74.08147,1568.672,629.6935,4
74.11683,1582.071,637.7568,4
74.1513,1579.484,640.4554,4
74.18093,1565.248,649.3022,4
74.21561,1570.72,656.2632,4
74.24757,1568.205,650.075,4
74.28341,1575.052,647.9337,4
74.31642,1588.331,652.0497,4
74.35117,1580.449,658.1666,4
74.38077,1587.296,649.9139,4
74.41655,1586.158,639.2934,5
74.45013,1591.429,647.5317,5
74.48515,1594.568,657.2323,5
74.51819,1590.747,654.95,5
74.55198,1559.89,630.3422,5
74.58193,1262.516,642.4327,5
74.61527,1011.416,687.5254,5
74.6511,1008.675,690.3246,5
74.68466,1012.584,683.559,5
74.71365,1012.203,680.8043,5
74.74878,1005.082,687.7227,5
74.78237,1011.303,693.3522,5
74.81483,1019.563,690.6444,5
74.85067,1007.412,695.0273,5
74.88338,1015.686,676.6072,5
74.91513,1035.288,660.2729,5
74.949,1015.68,677.4111,5
74.98407,1004.896,694.8228,5
75.01411,1258.29,674.7222,5
75.04879,1878.018,603.7423,5
75.08233,2236.113,566.2463,5
75.11745,2096.771,576.8956,5
75.14912,1838.289,608.2988,5
75.1836,1714.486,635.0953,5
75.21665,1723.997,635.9955,5
75.25037,1735.357,632.9136,5
75.28022,1739.535,634.7632,5
75.31622,1762.54,613.6,5
75.34959,1763.932,622.6893,5
75.3811,1748.254,637.7955,5
75.41457,1744.225,632.7567,5
75.44896,1750,625.1334,5
75.48165,1756.15,624.6003,5
75.5167,1748.657,625.2335,5
75.55016,1741.003,612.5794,5
75.58054,1737.356,611.2719,5
75.61789,299.6923,683.6524,5
75.6472,-95.99885,719.1674,5
75.68006,-88.46721,725.1717,5
75.71798,-49.12188,743.0733,5
75.75002,-25.77296,763.4764,5
75.78248,-162.0525,750.5172,5
75.81455,-147.6145,806.5616,5
75.84779,-122.5997,857.8286,5
75.88042,-10.83877,876.6699,5
75.91451,37.23499,958.7513,5
75.94692,13.84774,982.5024,5
75.98163,-26.21306,1000.547,5
76.0161,-29.14905,1039.022,5
76.04668,-23.89149,1084.654,5
76.08048,-20.47418,1117.544,5
76.11388,-12.64775,1154.928,5
76.14671,21.67643,1190.619,5
76.18178,45.64523,1239.873,5
76.2162,32.75594,1359.854,5
76.24798,64.211,1421.687,5
76.28237,72.97182,1496.725,5
76.3171,-92.52686,1562.31,5
76.34693,-66.89391,1660.767,5
76.38249,136.5286,1733.325,5
76.41563,513.4009,1571.359,5
76.44868,513.4009,1571.359,5
76.48125,570.3585,1843.949,5
76.51497,570.3585,1843.949,5
76.54854,-187.658,1688.207,5
76.58507,208.6711,1577.053,5
76.61354,248.2557,1510.049,5
76.64984,214.7307,1436.579,5
76.68174,401.6877,1439.744,5
76.71509,504.494,1475.066,5
76.7499,503.2609,1494.317,5
76.78048,417.7841,1438.714,5
76.81738,342.5526,1305.839,5
76.851,369.5353,1154.463,5
76.88081,442.1093,1152.385,5
76.91486,392.8736,1129.731,5
76.94881,304.0369,1066.432,5
76.98446,361.0688,1049.737,5
77.01435,409.9166,1064.814,5
77.04681,373.3993,1070.76,5
77.08369,331.5337,1055.871,5
77.11529,313.4892,1004.117,5
77.14807,381.066,974.3829,5
77.1842,390.5017,965.2905,5
77.21696,382.0909,952.8102,5
77.24902,407.106,956.9399,5
77.28353,402.8706,948.2764,5
77.3152,411.5641,915.795,5
77.3493,407.5275,910.5474,5
77.38457,373.9302,918.4782,5
77.41796,399.1984,908.4827,5
77.44759,415.3186,896.338,5
77.48032,378.0541,892.312,5
77.51525,379.6328,907.3115,5
77.55163,349.6185,888.3592,5
77.58231,351.8974,782.8055,5
77.61456,373.3464,702.7031,5
77.64751,389.4233,815.8774,5
77.68265,375.986,788.7029,5
77.71571,237.1146,835.3638,5
77.74867,206.709,518.3027,5
77.78149,228.4911,508.9246,5
77.8147,323.0437,341.1898,5
77.84737,200.8283,284.1772,5
77.88372,152.6777,149.6236,5
77.91668,118.155,83.22034,5
77.94856,87.38654,-24.03392,5
77.98111,75.71536,-94.15571,5
78.01459,-7.836861,-333.5866,5
78.0479,558.8902,-377.7598,5
78.08498,694.2676,-416.8755,5
78.11529,877.6721,-451.0634,5
78.14976,759.3168,-479.114,5
78.18237,403.8122,-498.7344,5
78.21531,407.9018,-536.754,5
78.24944,-36.28535,-521.2344,5
78.28306,230.2155,-515.9251,5
78.31736,459.0264,-529.0242,5
78.34816,691.0832,-490.6751,5
78.38195,631.6354,-289.8211,5
78.41575,341.9691,-122.4832,5
78.44802,361.4327,-100.2552,5
78.4802,204.5412,-128.9975,5
78.5177,70.71089,-165.1452,5
78.55016,71.73351,-150.1378,5
78.58241,273.8494,-156.5387,5
78.61883,391.8376,-127.9172,5
78.65136,369.4092,-60.32601,5
78.68311,342.1292,55.89161,5
78.71389,224.124,171.8825,5
78.75404,208.0597,204.355,5
78.78286,256.6339,193.0157,5
78.81387,287.6897,177.4209,5
78.84756,252.312,200.4887,5
78.88197,198.3889,316.1461,5
78.91663,224.5995,442.6531,5
78.9493,293.8241,558.7357,5
78.98096,345.7243,583.4219,5
79.01363,370.5252,568.9707,5
79.05099,363.3517,590.7062,5
79.08097,337.993,637.7858,5
79.11519,312.9261,672.6876,5
79.15058,318.9576,653.6899,5
79.18441,342.5798,613.9615,5
79.21744,352.77,614.9726,5
79.24949,341.8304,642.3876,5
79.28284,336.4977,644.747,5
79.31649,333.0691,646.0807,5
79.34824,622.1917,591.5629,5
79.38464,1297.945,480.6436,5
79.41427,1670.698,441.4078,5
79.4509,1673.209,435.9716,5
79.48389,1692.828,456.0726,5
79.51599,1682.083,442.8159,5
79.5484,1671.349,432.4092,5
79.58109,1660.468,435.4585,5
79.615,1636.148,417.9838,5
79.64801,1606.232,398.0793,5
79.68475,1589.5,401.5915,5
79.71817,1571.81,403.5037,5
79.7504,540.6704,391.7825,5
79.781,223.5973,394.2796,5
79.81704,232.4136,389.8092,5
79.84728,224.2086,396.5896,5
79.88513,214.2854,397.2075,5
79.91455,216.5413,403.6299,5
79.94764,215.6292,420.2572,5
79.98231,211.711,429.7164,5
80.01578,211.5548,433.8831,5
80.04945,217.0374,434.1515,5
80.08211,205.4998,433.7802,5
80.115,244.7869,416.0039,5
80.14962,442.468,344.8512,5
80.18396,425.6099,328.5816,5
80.21413,425.6099,328.5816,5
80.24912,425.6099,328.5816,5
80.28286,425.6099,328.5816,5
80.31818,425.6099,328.5816,5
80.34803,366.2731,480.1688,5
80.38177,266.7896,429.3231,5
80.41751,271.265,450.3483,5
80.44682,260.0168,496.81,5
80.48247,275.4702,517.3118,5
80.51678,265.1468,489.7743,5
80.55159,263.7184,493.9778,5
80.58326,260.5112,506.4804,5
80.61836,326.0534,612.7192,5
80.64954,399.0182,753.1006,5
80.68036,385.3168,793.9965,5
80.7146,384.231,787.6767,5
80.74826,382.6538,784.0047,5
80.78365,377.3207,773.201,5
80.81618,379.4915,788.2657,5
80.85107,375.4323,798.5449,5
80.88034,372.7866,798.9617,5
80.91512,363.5078,796.7031,5
80.95016,348.9295,782.5682,5
80.98478,342.9521,783.2683,5
81.01427,315.9201,784.3619,5
81.04914,291.9356,768.8499,5
81.08382,266.0438,711.8451,5
81.11375,251.3728,669.5488,5
81.15237,256.0852,710.0217,5
81.18473,224.5703,713.6032,5
81.21793,222.3554,724.5842,5
81.24952,221.6521,726.961,5
81.28155,223.3317,713.0061,5
81.31883,203.9994,698.0508,5
81.35442,246.565,708.188,5
81.38037,258.6873,722.7034,5
81.41557,340.4546,740.8036,5
81.44872,1242.233,779.4962,5
81.48169,1220.899,734.6974,5
81.51623,1211.483,723.9904,5
81.55064,1215.4,717.2385,5
81.58105,1207.352,716.0781,5
81.61565,1185.204,718.8358,5
81.64823,1007.728,634.264,5
81.68067,811.0696,540.0884,5
81.71782,782.7011,540.9194,5
81.74734,757.1958,495.7112,5
81.78426,224.7644,210.089,5
81.81487,586.3849,567.611,5
81.84875,586.3849,567.611,5
81.88343,586.3849,567.611,5
81.91479,586.3849,567.611,5
81.94814,586.3849,567.611,5
81.98435,586.3849,567.611,5
82.01702,586.3849,567.611,5
82.04713,586.3849,567.611,5
82.08144,586.3849,567.611,5
82.11641,-30.11665,-159.1754,5
82.15402,-30.11665,-159.1754,5
82.18335,-30.11665,-159.1754,5
82.21716,-30.11665,-159.1754,5
82.24822,69.32181,355.5113,5
82.28052,59.45303,394.0718,5
82.3153,181.4322,344.1138,5
82.34706,172.9064,332.3032,5
82.382,186.6571,353.339,5
82.41771,191.0171,345.5023,5
82.45039,187.5344,341.9889,5
82.48361,182.2824,340.534,5
82.51603,450.9573,403.9863,5
82.54783,808.6987,500.1049,5
82.58093,912.7402,542.7151,5
82.61353,807.4064,590.5507,5
82.64989,618.8191,683.4619,5
82.68253,541.9841,748.5378,5
82.71458,531.3397,767.7444,5
82.7475,503.6593,781.0231,5
82.78458,477.9561,790.3523,5
82.81643,460.3754,814.6334,5
82.8508,449.3034,823.6089,5
82.88329,436.176,819.9648,5
82.9153,417.6129,806.7119,5
82.94936,390.6397,800.9315,5
82.98354,364.8184,797.9512,5
83.0155,346.2334,808.5098,5
83.05001,347.2037,809.0782,5
83.08114,326.7618,810.3798,5
83.11819,313.0229,824.2896,5
83.15108,306.9883,828.7226,5
83.18574,296.5698,821.6827,5
83.21508,288.0628,835.2698,5
83.24927,282.1167,865.5296,5
83.2807,274.7512,858.0606,5
83.31464,281.1693,841.8803,5
83.35136,197.323,896.0986,5
83.38114,205.5985,897.3893,5
83.41582,208.7093,896.1188,5
83.44987,199.5064,904.8917,5
83.48432,201.3691,906.8077,5
83.51474,209.917,890.8198,5
83.54958,197.6331,901.6655,5
83.58015,548.2829,840.7198,5
83.61505,1096.347,760.1879,5
83.64996,1280.533,740.0467,5
83.68007,1271.362,713.9875,5
83.71499,1247.335,687.9364,5
83.74674,1247.335,687.9364,5
83.78008,1247.335,687.9364,5
83.81407,1247.335,687.9364,5
83.8504,1247.335,687.9364,5
83.88048,1247.335,687.9364,5
83.91508,1247.335,687.9364,5
83.95047,1773.643,551.7573,5
83.98393,1773.643,551.7573,5
84.01738,1641.519,518.0333,5
84.05077,1624.67,547.8463,5
84.08485,1639.665,543.306,5
84.11791,1642.066,518.4255,5
84.14821,1699.998,545.3267,5
84.18485,1775.364,582.3265,5
84.21381,1774.415,580.6168,5
84.25143,1759.382,568.9276,5
84.28049,1734.52,559.8991,5
84.31342,1703.602,578.6846,5
84.34706,1690.82,575.1614,5
84.38578,1631.49,574.4612,5
84.41585,1291.277,588.5342,5
84.44906,980.3633,601.8795,5
84.48255,951.8402,613.4623,5
84.51439,939.8367,620.4717,5
84.54795,927.6087,630.5983,5
84.58012,919.7081,642.9885,5
84.6135,906.3313,649.2275,5
84.64784,885.5251,664.1386,5
84.68105,882.7574,669.5385,5
84.71538,855.3737,674.936,5
84.75065,847.1904,657.03,5
84.78377,846.2322,638.9879,5
84.81763,811.0038,635.1747,5
84.84668,790.4472,623.4344,5
84.88176,783.0576,619.6781,5
84.91572,765.3496,630.1442,5
84.94987,684.7323,615.0289,5
84.98341,587.6792,573.8804,5
85.0155,508.9406,551.1904,5
85.05008,489.6837,542.0729,5
85.08496,452.7172,511.5841,5
85.11557,422.156,471.2538,5
85.14704,398.0032,451.1307,5
85.1808,294.3231,427.3952,5
85.21449,196.3279,477.2486,5
85.24989,-278.6332,-266.1436,5
85.28141,184.9471,585.1852,5
85.31425,171.5806,361.2503,5
85.34763,229.8919,345.2812,5
85.38292,309.7299,566.8489,5
85.41537,296.8036,569.5681,5
85.45035,271.8563,574.0228,5
85.48439,275.9315,579.3792,5
85.51749,277.6624,571.7233,5
85.55154,264.9283,574.847,5
85.58376,261.3851,568.9678,5
85.61656,271.1049,575.193,5
85.64896,282.2753,583.0938,5
85.68114,281.7366,578.0702,5
85.71819,280.2469,580.1822,5
85.74999,285.7821,584.3367,5
85.78261,282.4004,585.2326,5
85.81464,281.9555,575.4294,5
85.84764,288.6381,563.1046,5
85.88061,288.4928,564.9054,5
85.91823,745.4103,538.5819,5
85.94833,1023.099,532.9868,5
85.98155,1022.464,531.9239,5
86.01541,1022.409,524.7319,5
86.04984,1029.85,523.1975,5
86.08258,1026.617,516.4636,5
86.11565,1026.551,519.2106,5
86.1476,1029.091,539.556,5
86.18005,1297.974,514.347,5
86.21732,1601.088,836.6858,5
86.24938,1436.012,895.1408,5
86.28217,1436.012,895.1408,5
86.31495,1436.012,895.1408,5
86.34776,1436.012,895.1408,5
86.38136,1436.012,895.1408,5
86.41717,1436.012,895.1408,5
86.4508,1436.012,895.1408,5
86.48016,1436.012,895.1408,5
86.51646,1436.012,895.1408,5
86.54995,1436.012,895.1408,5
86.58456,1493.044,487.6777,5
86.61386,1481.686,459.9449,5
86.6472,1469.348,433.0031,5
86.68281,1461.01,434.4579,5
86.71394,1461.077,439.0517,5
86.74741,1463.38,425.7921,5
86.78242,1446.244,416.0031,5
86.81456,1432.436,417.6022,5
86.84839,1424.073,420.5944,5
86.88515,1399.353,423.3394,5
86.91734,1346.177,432.8223,5
86.94996,1310.291,431.6861,5
86.9832,1083.388,426.7543,5
87.01729,825.8124,403.8577,5
87.04789,764.5389,398.5605,5
87.08094,740.593,409.0233,5
87.1149,713.0736,420.6828,5
87.14767,704.5227,428.7746,5
87.18409,672.2624,459.213,5
87.21422,650.3561,466.246,5
87.24963,651.4602,504.7301,5
87.28288,647.6774,541.4066,5
87.31597,618.5901,547.1172,5
87.35036,594.3969,546.0409,5
87.38058,585.2388,574.1111,5
87.41537,434.1096,520.3514,5
87.44684,265.1808,414.8116,5
87.48473,-94.42902,435.7414,5
87.51715,-94.42902,435.7414,5
87.54963,-94.42902,435.7414,5
87.58623,-94.42902,435.7414,5
87.61387,-94.42902,435.7414,5
87.64934,-94.42902,435.7414,5
87.68111,-94.42902,435.7414,5
87.71362,-94.42902,435.7414,5
87.74786,-94.42902,435.7414,5
87.78141,-94.42902,435.7414,5
87.8149,-94.42902,435.7414,5
87.84993,-94.42902,435.7414,5
87.8829,-94.42902,435.7414,5
87.91614,-94.42902,435.7414,5
87.94878,-94.42902,435.7414,5
87.98244,-94.42902,435.7414,5
88.01418,-94.42902,435.7414,5
88.04921,-94.42902,435.7414,5
88.08295,-94.42902,435.7414,5
88.11822,-94.42902,435.7414,5
88.14786,-94.42902,435.7414,5
88.18275,-48.10712,947.71,5
88.21796,208.6522,815.8558,5
88.24815,247.9518,769.2742,5
88.2825,30.49227,854.5466,5
88.3179,-131.8499,852.7228,5
88.34769,-80.13043,871.2858,5
88.38024,274.7604,803.4493,5
88.41749,193.1568,813.2739,5
88.44831,142.5002,785.2311,5
88.48026,186.6308,740.5907,5
88.51572,192.4514,744.3179,5
88.54864,219.3997,710.8453,5
88.58006,241.8453,705.8392,5
88.61625,235.0574,730.9112,5
88.64767,226.1026,738.9429,5
88.68299,233.3543,747.6714,5
88.71487,243.9217,763.7885,5
88.74778,616.8959,700.0936,5
88.78246,1012.036,636.3125,5
88.81652,1042.815,646.2718,5
88.84992,1033.807,654.5186,5
88.88212,1035.34,666.9173,5
88.91417,1194.41,657.9218,5
88.94735,1498.639,694.187,5
88.98242,1669.743,737.1534,5
89.01476,1691.289,715.1358,5
89.04863,1675.819,709.7495,5
89.08183,1675.736,735.0962,5
89.1143,1701.036,717.2391,5
89.14687,1710.911,731.4415,5
89.18413,1736.138,726.9995,5
89.21446,1721.301,737.0549,5
89.24778,1712.668,728.9956,5
89.28137,1713.663,730.9677,5
89.31585,1691.68,746.7356,5
89.3486,1682.375,740.2444,5
89.38273,1674.706,741.7765,5
89.41733,1600.536,785.4926,5
89.44707,1440.907,868.3516,5
89.48031,1341.123,881.9094,5
89.51551,1300.295,856.6805,5
89.54788,1281.836,867.2387,5
89.58266,1266.847,892.8555,5
89.61646,1225.49,897.5603,5
89.64676,1147.741,892.6655,5
89.68104,828.0041,922.9417,5
89.716,576.4377,955.7929,5
89.74841,601.3372,951.4026,5
89.78371,567.6614,940.6332,5
89.81823,538.7668,918.7559,5
89.85049,510.6859,920.2308,5
89.88466,482.8885,919.8813,5
89.91591,457.7406,936.4695,5
89.94726,443.9203,906.3964,5
89.98452,403.3193,759.5916,5
90.01462,397.8316,603.5851,5
90.04893,369.2473,565.264,5
90.08347,334.4185,549.6324,5
90.11356,320.7805,563.9783,5
90.14816,271.7227,625.0555,5
90.18247,182.3017,683.973,5
90.21684,163.9216,692.0886,5
90.24688,176.5291,693.5656,5
90.28107,165.1575,697.5478,5
90.31549,160.1058,714.7853,5
90.35052,165.1194,731.6485,5
90.38503,169.2092,697.9196,5
90.41484,235.292,726.0172,5
90.44959,645.2692,771.6973,5
90.48083,985.7794,767.6481,5
90.51741,975.1235,777.6907,5
90.55137,948.7117,808.2941,5
90.58021,928.551,801.8572,5
90.6143,918.9455,786.4341,5
90.65148,843.8074,759.1793,5
90.6837,595.5924,509.3444,5
90.71806,245.751,176.0899,5
90.74849,245.751,176.0899,5
90.7831,189.8683,176.0802,5
90.81739,198.7946,186.2523,5
90.85017,167.3288,204.002,5
90.8825,74.69356,197.2953,5
90.91488,101.2684,203.2057,5
90.94772,147.3247,250.257,5
90.98189,131.2826,257.6491,5
91.0171,139.9127,233.2246,5
91.0514,156.79,229.5443,5
91.08473,179.3246,225.1846,5
91.11411,267.778,228.0716,5
91.15011,438.5195,256.6104,5
91.18356,542.9559,267.0959,5
91.21412,531.0574,283.6686,5
91.24712,523.9862,281.231,5
91.28396,531.8297,264.6637,5
91.31771,547.4676,274.9712,5
91.34669,575.107,284.3139,5
91.38122,1277.077,621.2502,5
91.41679,1373.616,659.4747,5
91.44974,1396.156,670.8184,5
91.4831,1406.433,681.4377,5
91.51788,1407.429,677.7142,5
91.55039,1426.251,679.0413,5
91.58313,1423.134,680.3101,5
91.61654,1422.895,680.7985,5
91.65088,1429.086,679.0355,5
91.68127,1456.148,683.2615,5
91.71622,1560.341,660.3366,5
91.75084,1746.799,605.2657,5
91.78131,1830.116,580.9531,5
91.81828,1833.629,588.2275,5
91.85098,1824.672,589.6068,5
91.88531,1806.268,593.7333,5
91.91582,1813.901,594.6544,5
91.94729,1830.801,606.3516,5
91.98352,1830.065,612.9691,5
92.01727,1824.103,601.254,5
92.04847,1784.982,595.218,5
92.08279,1775.167,612.5342,5
92.11467,1629.158,629.6338,5
92.15072,1419.503,683.0712,5
92.1828,1330.621,715.7245,5
92.2151,1297.108,737.3162,5
92.25151,1135.158,783.9614,5
92.28196,983.4985,802.2526,5
92.31606,939.7777,829.6549,5
92.35019,908.5722,852.5694,5
92.38253,876.3607,853.7422,5
92.41657,850.5306,866.1401,5
92.44923,835.9652,873.2711,5
92.48051,788.6733,875.0482,5
92.51557,729.0609,914.1868,5
92.5497,722.5208,915.8777,5
92.58154,699.49,904.2197,5
92.61467,653.0131,923.4166,5
92.65102,618.4117,926.5014,5
92.68182,588.34,911.2485,5
92.71798,535.8477,914.2591,5
92.75028,488.0677,925.9582,5
92.78193,460.8073,924.4827,5
92.81761,441.8488,912.6818,5
92.84731,402.1966,909.703,5
92.8839,367.4644,895.7264,5
92.9162,355.9435,874.7964,5
92.95058,311.2098,868.4864,5
92.9839,305.3163,879.779,5
93.01439,390.7898,876.3511,5
93.04883,653.2373,715.8949,5
93.08154,952.1955,485.6137,5
93.11692,1090.549,425.7731,5
93.15209,1072.412,450.0156,5
93.18353,1198.382,399.1352,5
93.21835,1361.265,360.8151,5
93.24937,1351.632,378.3062,5
93.28241,1354.258,378.8996,5
93.31391,1367.146,360.9197,5
93.34832,1566.604,477.7427,5
93.38293,1753.08,560.605,5
93.41805,1743.962,560.0818,5
93.44674,1754.962,549.2802,5
93.4822,1786.237,545.4057,5
93.51609,1792.005,550.2748,5
93.55013,1782.089,550.0365,5
93.58294,1801.225,545.2162,5
93.61536,1803.024,535.74,5
93.651,1786.97,556.5098,5
93.68245,1776.975,560.732,5
93.71346,1774.632,554.6875,5
93.74769,1807.646,535.9851,5
93.7823,1803.819,532.4871,5
93.81567,1782.624,544.5442,5
93.85041,1796.992,562.9644,5
93.88287,1790.981,551.2141,5
93.91496,1658.911,511.6156,5
93.94733,1383.174,427.736,5
93.98456,1350.328,420.0823,5
94.01671,1258.24,384.9159,5
94.04996,1116.524,333.5584,5
94.08384,1017.285,310.2119,5
94.11612,831.6106,298.7286,5
94.14774,650.9498,231.1503,5
94.18105,639.6527,207.6405,5
94.21471,585.7597,257.6482,5
94.25096,535.2871,249.6949,5
94.28041,522.7737,221.6902,5
94.31448,508.1952,180.5587,5
94.34884,440.4735,222.7216,5
94.38162,488.3748,273.469,5
94.4142,480.0922,305.5999,5
94.44918,419.0376,288.5455,5
94.48321,412.9667,305.8129,5
94.51803,413.9469,302.0079,5
94.54768,383.424,297.5414,5
94.58091,347.5821,301.7317,5
94.61382,335.0466,313.0222,5
94.651,333.1842,314.1229,5
94.68296,311.1054,332.2118,5
94.71619,298.9245,314.7799,5
94.74844,300.4988,317.3193,5
94.78137,290.4865,313.1639,5
94.81466,299.0883,303.4968,5
94.84949,331.0469,298.7874,5
94.88348,351.2761,281.996,5
94.91744,351.2761,281.996,5
94.95115,1076.736,532.6359,5
94.9849,808.2966,488.269,5
95.01736,543.2229,419.648,5
95.04883,557.5054,374.0173,5
95.08281,867.0697,357.7476,5
95.11392,888.0589,308.401,5
95.14895,917.6862,263.5883,5
95.18299,818.2798,239.0394,5
95.21642,1241.985,503.2194,5
95.25125,1242.438,454.584,5
95.28175,1224.118,420.4708,5
95.3143,1224.118,420.4708,5
95.34853,1751.95,233.7997,5
95.38193,1745.782,237.2816,5
95.41647,1891.219,287.2833,5
95.4497,1891.219,287.2833,5
95.48361,1891.219,287.2833,5
95.51361,1891.219,287.2833,5
95.54913,1891.219,287.2833,5
95.58236,1891.219,287.2833,5
95.61443,1891.219,287.2833,5
95.65076,1891.219,287.2833,5
95.68093,1891.219,287.2833,5
95.71619,1891.219,287.2833,5
95.74765,1891.219,287.2833,5
95.78223,1891.219,287.2833,5
95.81709,1891.219,287.2833,5
95.85179,1891.219,287.2833,5
95.88084,1891.219,287.2833,5
95.91592,1891.219,287.2833,5
95.95067,1891.219,287.2833,5
95.98501,1891.219,287.2833,5
96.01477,1891.219,287.2833,5
96.05228,1891.219,287.2833,5
96.08122,1891.219,287.2833,6
96.1145,1891.219,287.2833,6
96.14899,1891.219,287.2833,6
